code,type,serial
aadb4db52,1,16
a26202393,1,16
a083af5d0,1,16
a921a8d8b,1,16
ade2786cc,1,16
a203f589c,1,16
acaa9e1d2,1,16
a435bcb0b,1,16
ad53aa5d4,1,16
a6adf40a6,1,16
a67d4ff6d,1,16
a9ee215b7,1,16
a0639919e,1,16
ad57840ad,1,16
a473f9b2a,1,16
a71ddb6f1,1,16
a86d52c32,1,16
a02fb4a59,1,16
a9a207c99,1,16
acea9749b,1,16
a68591f07,1,16
aaf5a5a0c,1,16
a406ae2df,1,16
a2f2fbc8c,1,16
a89b3cc3f,1,16
a2d177610,1,16
ab89f167f,1,16
a92bacd23,1,16
a5859775d,1,16
aa3e48be4,1,16
a56f35c8d,1,16
aceb267bb,1,16
af73f098e,1,16
a31f246e5,1,16
aca2beda7,1,16
af67076f8,1,16
a97380724,1,16
ae4a5ac3c,1,16
a3baa0a3a,1,16
a50c9dad7,1,16
a0edeeab3,1,16
a5d1768ca,1,16
a87dcdb23,1,16
a6ff59add,1,16
a6b24c030,1,16
a5a16825d,1,16
aea080813,1,16
aba188adf,1,16
a39e2d16a,1,16
a8cc6bc28,1,16
a7536d034,1,16
a79306a30,1,16
ad54eed55,1,16
a234e7491,1,16
aee32f88c,1,16
acf11b932,1,16
ac4adacba,1,16
ae54b5b3b,1,16
a5e292056,1,16
a73db4922,1,16
a5047ad2c,1,16
a0ff19261,1,16
a90a3a9ba,1,16
ae03fbe4b,1,16
ab492f88f,1,16
a5ceaa835,1,16
aabb9c812,1,16
a2519f099,1,16
a86c761bb,1,16
aeec1de86,1,16
a1ade02bc,1,16
a08eedef2,1,16
a02183b04,1,16
a3956fa9d,1,16
aa11cc700,1,16
ac8547fca,1,16
a7ee1fb23,1,16
acec9457b,1,16
a3cb10038,1,16
a6ed0afa9,1,16
a4e14299b,1,16
ac1596e3d,1,16
a62bc1ce5,1,16
a1c36ceca,1,16
a6d5517c2,1,16
a1ddc7a05,1,16
a856526b8,1,16
a17b81cca,1,16
ad28293bd,1,16
aaea43a25,1,16
a84d190e0,1,16
a5833b3b8,1,16
acf2659dc,1,16
a056a3c62,1,16
abf50f9e8,1,16
ae3ef4ee1,1,16
a4ed44995,1,16
a2eec47ed,1,16
a2cb56a0d,1,16
a6fce88a1,1,16
a35f095ca,1,16
a5e2cf6eb,1,16
a63b7511e,1,16
a64564548,1,16
a89df8535,1,16
a4ecbe058,1,16
af78072e1,1,16
a9669c2b0,1,16
a8aa2fafd,1,16
aaf03cba6,1,16
a012d11c1,1,16
af0c2e708,1,16
a0c7e83f6,1,16
a23a23f47,1,16
adc8e39b8,1,16
a28109b9b,1,16
a7a91bed1,1,16
ab46f897a,1,16
ae80c7c54,1,16
acc481b3b,1,16
abb6f4ea4,1,16
a90bcdcbe,1,16
a9bc508bc,1,16
ab5317568,1,16
a550db822,1,16
acaeb9a4e,1,16
a592260f9,1,16
afdb12ca6,1,16
aee4a7223,1,16
a897512c5,1,16
a7a75c758,1,16
aa3e07208,1,16
ae6cc0384,1,16
a832e38a9,1,16
a0bd61e13,1,16
a569b146e,1,16
aa667bc13,1,16
a5c7ffdf5,1,16
ad1249a90,1,16
a38ef44dd,1,16
ae651a8bb,1,16
aab35d63b,1,16
af704f5f0,1,16
a12447360,1,16
aee25ea92,1,16
adb3fc9bc,1,16
a6732304d,1,16
a26bda441,1,16
a067bab1e,1,16
aaa31a9f1,1,16
a47faed99,1,16
a86242ea7,1,16
a08563e8d,1,16
a33d1e813,1,16
a58ef8f37,1,16
a462c1a2c,1,16
a683d2022,1,16
a3740d46f,1,16
a5623a216,1,16
a45ed210f,1,16
af3d37695,1,16
aa1d1c41f,1,16
afc8667c4,1,16
a4945134d,1,16
aa7976163,1,16
adf56bb83,1,16
a950c317b,1,16
a5d3a91a3,1,16
acbe8adbe,1,16
a0b7b03f7,1,16
aa833f73e,1,16
a05a4a400,1,16
a247f3756,1,16
a185336eb,1,16
abf9849b2,1,16
ad4da32be,1,16
a22b36fd9,1,16
a11f1e7c2,1,16
a2deaebdc,1,16
aaaf941bd,1,16
a5a10dbee,1,16
ae68f45b7,1,16
a7ac206c0,1,16
a76696361,1,16
a0d3c3af7,1,16
aba570f6b,1,16
a920c6c96,1,16
a968e37aa,1,16
a6f3b48f6,1,16
a088ab663,1,16
a799a3748,1,16
a08e25a12,1,16
acb31ee48,1,16
a0f3e1ebc,1,16
afef31d23,1,16
a9f8f38f9,1,16
a92c6e06d,1,16
afca91bf3,1,16
a387acc2f,1,16
a55d347b0,1,16
a31ebc215,1,16
a6dcf55d9,1,16
aa0a031e8,1,16
ab4ace722,1,16
acc8cf3be,1,16
a9cb04320,1,16
aea233672,1,16
a7596c7d2,1,16
aa9a29730,1,16
a29c72bb9,1,16
a379244b1,1,16
a1296bbdb,1,16
aa1a124fc,1,16
a7ae1516e,1,16
a3527d1fa,1,16
a4fc489e1,1,16
a5cc67867,1,16
af99947c4,1,16
a57b975aa,1,16
ae01fcd70,1,16
a4c8dbdb5,1,16
ae1db3872,1,16
ad0e365c9,1,16
ab84d7599,1,16
a66d1d151,1,16
a23cef8b5,1,16
a55fe10cf,1,16
a0c10510b,1,16
abab84502,1,16
a132c8d51,1,16
af70e926b,1,16
aefe7be8e,1,16
a3534ade9,1,16
ac50a0f79,1,16
af6adb5ef,1,16
a8ec2716a,1,16
a07f3f8f9,1,16
a12d8a52b,1,16
a0a731414,1,16
aeef7b5c3,1,16
aa2200427,1,16
aa5e359a0,1,16
a23fd77e5,1,16
ab2c5c72b,1,16
a74e3efec,1,16
a7a0098f6,1,16
ae63262a8,1,16
a55b5a50d,1,16
acc0487e3,1,16
a6d61fd7f,1,16
ac28ce566,1,16
a64ae6968,1,16
a560a1c74,1,16
a5588b4e5,1,16
a97d39d67,1,16
a8627d4c8,1,16
ae0a59c98,1,16
a42a3df94,1,16
aa9f67cd0,1,16
a7d3bd833,1,16
aade3b9ad,1,16
a4c3e8a25,1,16
aade0e16d,1,16
a9cc1e62b,1,16
a8b8672c7,1,16
a5156ca72,1,16
aebfcc031,1,16
ad22109ac,1,16
a19944fb6,1,16
aac06cb69,1,16
a30d93cbe,1,16
ad21a52c9,1,16
a02cfa8bd,1,16
ad1164518,1,16
ae12f1306,1,16
a4dec55c0,1,16
a61be5904,1,16
a8e1961e0,1,16
a85ba05c1,1,16
adc9e2d11,1,16
a4ac0b0df,1,16
a1db0f99c,1,16
a6c10f6fd,1,16
a99c28fb4,1,16
a89894d74,1,16
a84096a93,1,16
a187ad8dc,1,16
a2ce58ac7,1,16
a2085a411,1,16
a2102efe5,1,16
a185c2fb2,1,16
afe2f53d6,1,16
a411200ec,1,16
aaec106b8,1,16
acb57aa38,1,16
a2b316350,1,16
aa590d2f3,1,16
aee96aa88,1,16
afbd424a7,1,16
a82be0831,1,16
a3c2772c6,1,16
abf397554,1,16
a76eaab67,1,16
a63c7dbb0,1,16
a7134ac29,1,16
a6fbe552a,1,16
abe8b9b59,1,16
ab1fb8dc3,1,16
a16e4e919,1,16
a4afa6d57,1,16
a736ddc91,1,16
a4cc28efd,1,16
aa66270fe,1,16
a6c642d64,1,16
afe19abde,1,16
aee60d9c1,1,16
ace612596,1,16
a7000b472,1,16
adec7f2e1,1,16
a87baae6b,1,16
ae237f7af,1,16
a81adbc86,1,16
a8eefeade,1,16
ae397ca86,1,16
a3f8a4d86,1,16
a1ec34bc3,1,16
a46417109,1,16
abe553a66,1,16
ab4cd9bbe,1,16
a7a6bce14,1,16
a7d41dba7,1,16
a4ffa1e34,1,16
ad609eaf9,1,16
ab7ba90b3,1,16
a7b33734d,1,16
a574c5b4f,1,16
a778ecaf4,1,16
a5af70b3f,1,16
a85d5b36e,1,16
a34bfe5c5,1,16
ab7b3b78f,1,16
a9746451c,1,16
acc9271b0,1,16
acaa38091,1,16
a8cbd700e,1,16
a7f183f98,1,16
ae0fc3aee,1,16
ae7f39732,1,16
a7c0a13fe,1,16
a9ce8a53d,1,16
a68035a15,1,16
a3c79289f,1,16
a05664097,1,16
a40ca9b06,1,16
a3eed6952,1,16
a22696a7a,1,16
a9bf9a9bd,1,16
aaf496c9b,1,16
a5b4e277a,1,16
a55e6867a,1,16
a3e65a44a,1,16
a8cb24e21,1,16
af880c635,1,16
ae17f7afd,1,16
a395ddadf,1,16
a3cd3e85a,1,16
ac17dcad4,1,16
a008e8f9c,1,16
a9cc01ecb,1,16
a61679fca,1,16
ae24b985a,1,16
a28360077,1,16
a3f14ab2c,1,16
a65f1a497,1,16
a24365c94,1,16
abc00439e,1,16
a1935a9ed,1,16
a9e7b24b2,1,16
ad9711f5c,1,16
a0f48de6e,1,16
a4ec091fb,1,16
aa7a171be,1,16
ac81c8ade,1,16
a38b57066,1,16
a53197bb1,1,16
ae0e88eee,1,16
a9eb41cf4,1,16
ac363fb6c,1,16
a0f20ba60,1,16
a99543b3d,1,16
a3c64cd9f,1,16
a8fd3ce18,1,16
a80bc5e10,1,16
a83742396,1,16
a9e3a79c3,1,16
ab5fbd50b,1,16
a5957761f,1,16
a7ac9ed92,1,16
a3b5e8e6f,1,16
ad1cbe796,1,16
a309cb975,1,16
a1cbedfd5,1,16
acaf915fb,1,16
a24490ff3,1,16
ababffc9c,1,16
a6ef233ef,1,16
a579609d1,1,16
a134b5352,1,16
a4ff27348,1,16
a61855faf,1,16
ae6e24230,1,16
af0b50420,1,16
acea86be7,1,16
a35c6eff7,1,16
a44ae085c,1,16
af163e539,1,16
a764a7a0a,1,16
a8a1845da,1,16
a8f9b3582,1,16
ae00a25f3,1,16
a8087889e,1,16
a20219062,1,16
ad5e49f22,1,16
a8ae829c2,1,16
afc77e9b5,1,16
af7148806,1,16
add5da9b0,1,16
abf044c54,1,16
ae4f0aa9d,1,16
ae5b170b5,1,16
a4ed6967b,1,16
ac7fbcca7,1,16
aab5a4137,1,16
ae9cd7655,1,16
af753fe5e,1,16
acfc591c5,1,16
ae48ce99f,1,16
a933a639d,1,16
a741741de,1,16
a22586928,1,16
add994258,1,16
a75fb918b,1,16
ac69b345a,1,16
a2a25b1ea,1,16
a96d41a94,1,16
ac185f81c,1,16
a3f75da80,1,16
aa8be2d44,1,16
a32865f54,1,16
a8f7522cb,1,16
ab5fbd351,1,16
a286de8fc,1,16
a1dc4e585,1,16
a745f9cab,1,16
a3cd4b742,1,16
a84ee2e20,1,16
ae39e0f7a,1,16
a8f0aeda0,1,16
ad51f3e74,1,16
a3f2f8fac,1,16
ad26f88d7,1,16
a9767e8b9,1,16
aec5bd563,1,16
abe852785,1,16
a88dde2e3,1,16
a32c91ef1,1,16
acb32b1f1,1,16
ab45da17a,1,16
a4ea09382,1,16
a5b254f5b,1,16
a61de5718,1,16
ae5842a54,1,16
ae8a03b49,1,16
aaa1d062c,1,16
a59f981ce,1,16
a3273f88f,1,16
a2445d003,1,16
aea36dd51,1,16
a254f29df,1,16
adc026c2e,1,16
a7e289c93,1,16
ac3df534c,1,16
afa2424ed,1,16
a258800ad,1,16
acd72366b,1,16
a067ccebd,1,16
a26c63fb9,1,16
ad3948bc0,1,16
a66bf933d,1,16
a79098c74,1,16
ad38d2571,1,16
a466d2b68,1,16
a3094ebbf,1,16
a48cbfce4,1,16
a74f53854,1,16
a7a2a32fa,1,16
ad9bb4722,1,16
a0bc746bf,1,16
a27b4be4b,1,16
aad28cee8,1,16
ac9fa614c,1,16
a5b4a8839,1,16
a310e26fe,1,16
ac0a29b68,1,16
a0d2a676a,1,16
a394c0d83,1,16
a6a20182e,1,16
a1ade07bd,1,16
ac3218d34,1,16
a2f6a5f65,1,16
a0480d6b9,1,16
aec8a7ea4,1,16
aeb1bf8f0,1,16
a15a7feab,1,16
a38d7cbe0,1,16
abbea4d40,1,16
abd843d7d,1,16
a984e40ee,1,16
aa4357249,1,16
abb5fd71e,1,16
ab661e663,1,16
a99330a20,1,16
a781f48ad,1,16
ae836f6d7,1,16
af05702ab,1,16
a957ab704,1,16
acd5cf1f8,1,16
a375fb0fd,1,16
a3a7ae996,1,16
ae2d36621,1,16
a60ce6c50,1,16
a426b3de0,1,16
a03854ea9,1,16
a5eb167a0,1,16
a7b97ea03,1,16
a7db96294,1,16
a4a459fa4,1,16
ab4dd1db8,1,16
a3a9f757e,1,16
aae826d73,1,16
a10f2e457,1,16
a6dfe3aee,1,16
a37770d49,1,16
ad5443866,1,16
a7da243ec,1,16
a405c5391,1,16
a975e2acc,1,16
ae875c01d,1,16
a8ef707f5,1,16
a4f7a262c,1,16
a4bdfa30d,1,16
ad21f963b,1,16
a827b5f50,1,16
ad1162822,1,16
ab5481f73,1,16
ac4020a04,1,16
a90786efc,1,16
ad8552397,1,16
a9d0f196c,1,16
a1a319c5b,1,16
af00ecf8b,1,16
afda8e82b,1,16
adfa8b041,1,16
a90cd8f60,1,16
a27430b31,1,16
a9766ff85,1,16
a3b79fe16,1,16
a62a83a7b,1,16
ac0fc9152,1,16
ab6fae730,1,16
a11f13f1a,1,16
aef498865,1,16
a80ddad52,1,16
af4318f5c,1,16
a213854c4,1,16
a1cacf9a8,1,16
a251ff07a,1,16
aa4659f4f,1,16
a8c0e1caf,1,16
a6f7f3bc1,1,16
a2301754b,1,16
acd1855bc,1,16
a6fd0b8d4,1,16
a2927a3c1,1,16
ab476b5e4,1,16
a1ef4dc0c,1,16
a271546f6,1,16
a77e88245,1,16
a1ed206fd,1,16
ab46ecf32,1,16
ada206445,1,16
a08b39b67,1,16
a5e75f589,1,16
ac3ed512e,1,16
ac9e615e3,1,16
a9391d24b,1,16
a67b7e233,1,16
a8b8deaca,1,16
a0461cac4,1,16
a08bdca42,1,16
a4faee7b5,1,16
aea1b95a3,1,16
a792e4da5,1,16
a3a17a878,1,16
a2bfe943a,1,16
abc4e7e3e,1,16
adaded111,1,16
a0e5132ab,1,16
a769b52ad,1,16
a8013a214,1,16
ae10e9913,1,16
a0789e43e,1,16
a1eecabfe,1,16
a26e9b45b,1,16
a8074930d,1,16
ac162397e,1,16
a88b8a4da,1,16
af2746497,1,16
a99ec6a84,1,16
a3c893733,1,16
a96aa77ef,1,16
a0f93e94c,1,16
aa13c4299,1,16
a9945bc14,1,16
a4d9da941,1,16
a31891643,1,16
a6cfab100,1,16
a37957974,1,16
a9b75ecf0,1,16
a393860cd,1,16
a96ba595d,1,16
a46f94135,1,16
af2714efa,1,16
a9e11757b,1,16
af1436979,1,16
af8d9c2b2,1,16
a9c9ed875,1,16
aabb9f5a3,1,16
a7c603eed,1,16
aca083369,1,16
a5643f947,1,16
a24bf2adc,1,16
a96962701,1,16
a38a1b322,1,16
a6e545e4a,1,16
afbe2c3f4,1,16
a455a3be7,1,16
a75630065,1,16
a3878a7f6,1,16
a804fb053,1,16
ae0f9ceec,1,16
a7a5a5e2c,1,16
a382eb84c,1,16
a5b151592,1,16
a33a76683,1,16
ae4e14da7,1,16
a47c5ff38,1,16
a3548d4d0,1,16
a1d3ae704,1,16
a5acb3aae,1,16
a922ad2ba,1,16
a6297c870,1,16
a59cb0b87,1,16
ad197f304,1,16
aa420791a,1,16
a09aad091,1,16
a18b9aa79,1,16
a9ed8f1a6,1,16
a78a3f5b9,1,16
afbebbca3,1,16
a98135e0a,1,16
a1cdf6794,1,16
a0ea0561f,1,16
a96ece5d9,1,16
a9b939743,1,16
ad5c4e03c,1,16
ab1a568ff,1,16
ad800d82a,1,16
aa42534be,1,16
a1ca7c242,1,16
aa100047d,1,16
aff2df0c6,1,16
a4cd8a3ff,1,16
aa2d11454,1,16
ae861d3e6,1,16
a2d11e557,1,16
a099ef853,1,16
a3ae92c82,1,16
abf790176,1,16
a72e6fdcc,1,16
aee024c66,1,16
a04c5ace9,1,16
ae6713f70,1,16
a6ab48776,1,16
ad8d9f535,1,16
ac654759e,1,16
a24695c86,1,16
ad5bf0a49,1,16
ab3a4d5c4,1,16
a16618dbf,1,16
ab2df0925,1,16
a5d96e601,1,16
a5a6e7dd4,1,16
a48e07c57,1,16
aaf346758,1,16
a5261d8aa,1,16
a24c69dc7,1,16
a13187ff3,1,16
aaabe2924,1,16
a4ba39682,1,16
a60adb995,1,16
a240f1ce2,1,16
a1befa157,1,16
a57cc2354,1,16
aa60dc5b1,1,16
a5450c393,1,16
a27640d26,1,16
a7be325d2,1,16
a98b34090,1,16
ac9066364,1,16
a78954531,1,16
a3155c5d4,1,16
a2abb40a0,1,16
a5284e3e2,1,16
a249f90c7,1,16
a1d8b01b9,1,16
a2b7e8783,1,16
af32555c9,1,16
a1572a278,1,16
a26d9f389,1,16
af22fd3f9,1,16
af6302d6b,1,16
acb133e67,1,16
ac09ff5e9,1,16
a0a1cb312,1,16
acadadbcb,1,16
a66dfddf3,1,16
a71fbda42,1,16
a2790836e,1,16
af8a52a2b,1,16
ae0e24e5a,1,16
a4515ca06,1,16
a22272246,1,16
a4635a6c3,1,16
a8486e1c7,1,16
a171c6648,1,16
ab102e4f4,1,16
a7952ed2b,1,16
a86aec1ce,1,16
aba58af7d,1,16
a129c1c89,1,16
a8afa28f6,1,16
a3961ecd6,1,16
af806dc8d,1,16
a1c159abb,1,16
a2b04ab3b,1,16
a143147d6,1,16
aaf7ee6a8,1,16
a6bbc9780,1,16
abdd399d2,1,16
a0de25187,1,16
a9bb923e4,1,16
a087e0e40,1,16
ad29b16f0,1,16
a82b82cf8,1,16
a360f4d52,1,16
acc6c2385,1,16
a614812d7,1,16
aa9d205d3,1,16
a90cb22c7,1,16
ab4da7705,1,16
ab7587ec7,1,16
a2e7bd116,1,16
a46c7a22d,1,16
ad41abca6,1,16
a69a22381,1,16
ab79a413f,1,16
a45260d13,1,16
a46abfc5b,1,16
acf694028,1,16
a5f072141,1,16
ac94f6ce1,1,16
af5741fce,1,16
a3fe01949,1,16
a85065b25,1,16
a1c30619a,1,16
a6530befe,1,16
af5e1d579,1,16
a33553eea,1,16
a7222a6e5,1,16
aac781c64,1,16
acd878ece,1,16
a7da3c77c,1,16
af94e34b6,1,16
a26e4e07b,1,16
a2db4259d,1,16
a86200045,1,16
a098c7d17,1,16
a1a564969,1,16
a241529a3,1,16
a3f897ab3,1,16
a1a95dd5b,1,16
af624166f,1,16
a44b57a20,1,16
a5f8cb90d,1,16
a4619b0db,1,16
a9739a570,1,16
ad4010586,1,16
a7eb01a30,1,16
adb409538,1,16
aa28b7912,1,16
ab01610e6,1,16
a9bcf2d9d,1,16
a9e804dcc,1,16
a948ec761,1,16
a6b411430,1,16
a9ad27cbf,1,16
abdffc7ab,1,16
a8f6fad76,1,16
a6936d0d4,1,16
a71d09836,1,16
a4979abad,1,16
a9d6e9cbc,1,16
a8ca23e77,1,16
aa6ea9c9e,1,16
a3d4f6ea3,1,16
a02d51086,1,16
a1ffea394,1,16
a21126f67,1,16
a8dcec926,1,16
a571c4b0b,1,16
a4cae2318,1,16
a9c2eb559,1,16
ac471d428,1,16
a492e0d75,1,16
ab1d8036a,1,16
a616da8ce,1,16
a3c449dc5,1,16
a1d479625,1,16
a80222edb,1,16
a6f7938b1,1,16
aa52cb127,1,16
ab04c9da3,1,16
a822fcb88,1,16
a3b916f17,1,16
adca7bbf2,1,16
ab5bd02a1,1,16
a33a23e6c,1,16
a692f7b23,1,16
a0d7bcdc6,1,16
afc2a2580,1,16
a10c77b12,1,16
acb27233e,1,16
ad9927632,1,16
af905438d,1,16
a35b2384f,1,16
a34e6adbe,1,16
a3d3f9dd2,1,16
ab79f8c25,1,16
a9c53f4b5,1,16
a2def5856,1,16
acf80e42b,1,16
a8ca694ed,1,16
a6c10b948,1,16
aaa037d26,1,16
a42ecc4b3,1,16
aebf14640,1,16
a502a803c,1,16
a08e56e8d,1,16
a55c09ef5,1,16
a3dc4600c,1,16
a292e854f,1,16
aff74f464,1,16
a37a0f1d2,1,16
a0baf03c7,1,16
a1694bc01,1,16
a76e0709f,1,16
ade43d885,1,16
ad2a45221,1,16
af2bfd569,1,16
a33eea1cc,1,16
a7efe8248,1,16
a1bc43af3,1,16
a2f00d5d7,1,16
a328383a1,1,16
af258c352,1,16
ac23804a0,1,16
a94066f24,1,16
a9db8448f,1,16
adf028cfa,1,16
a7b7abce7,1,16
a7f721543,1,16
a3ecb10db,1,16
ae7da55d8,1,16
ae3c60145,1,16
a532d80f5,1,16
ae6cf93a8,1,16
a5622c215,1,16
a8df86216,1,16
a7786b6ec,1,16
ab00b2fb8,1,16
acedfc867,1,16
adff1a186,1,16
ab48cec8e,1,16
a8d755f51,1,16
a705f7ed6,1,16
a8129b693,1,16
a9fd73d13,1,16
a700f1ed7,1,16
a92bb09c8,1,16
ae84725c8,1,16
a13a75291,1,16
adcb9d1de,1,16
a841c578b,1,16
a2c9e4368,1,16
adab9fdc9,1,16
a347fc40e,1,16
a07ff52f0,1,16
a8fe01a10,1,16
acc8fe21e,1,16
a1e8fcc70,1,16
a324c2691,1,16
a05b4133e,1,16
a6276afd5,1,16
a7655493a,1,16
aa184be53,1,16
aeae723da,1,16
af7471aa7,1,16
a1885b340,1,16
a040f1479,1,16
aefc8628a,1,16
a3b5e6014,1,16
af5d3f502,1,16
ad0a6d53b,1,16
a028a63db,1,16
aaeaa33bd,1,16
a7295f20c,1,16
a2b2e358c,1,16
ae8f32e29,1,16
a25ae5dcf,1,16
ab87ae8b3,1,16
ab7e4be30,1,16
afb859367,1,16
a2c036e05,1,16
ac050a920,1,16
a5a95d9b0,1,16
ad81423ef,1,16
abaeb68d0,1,16
a508df0c7,1,16
afcddb151,1,16
a321d46b8,1,16
a22e3b17f,1,16
a68096645,1,16
a51044661,1,16
a612f1ed1,1,16
a2a71a3f6,1,16
a037c8d73,1,16
a199fdafd,1,16
a45a4b60b,1,16
a7804678f,1,16
af90308c3,1,16
abbef5386,1,16
ab06fee10,1,16
a86a36d13,1,16
a58e7bde0,1,16
abcf92679,1,16
a71fc6975,1,16
adfdbb250,1,16
a99d4444d,1,16
ae5c7bac7,1,16
a310ff310,1,16
ac8902898,1,16
a41be66b1,1,16
a7deff5cd,1,16
a53d7d02b,1,16
a4c5113a5,1,16
a8f2d5fcf,1,16
ae35ce352,1,16
ada3954b8,1,16
ae9054ca0,1,16
a8e1e5ed2,1,16
a0139f27c,1,16
a4f665a0e,1,16
ab5589919,1,16
a20617ada,1,16
a5c2c244a,1,16
a6b1c1f88,1,16
acdc64502,1,16
a5f32a3fa,1,16
af62b6246,1,16
a8b3a7975,1,16
a8ba30ef0,1,16
aead040b1,1,16
aee6478ef,1,16
aba9542c1,1,16
a862822e0,1,16
af8eec0f0,1,16
a849a25dd,1,16
ac747cb9a,1,16
a89ff1e57,1,16
af0376504,1,16
a16fe5fa5,1,16
ad947fa01,1,16
a23b61dc5,1,16
a8939d0f4,1,16
a653daa41,1,16
a815c672b,1,16
a59367f6a,1,16
a04d4f148,1,16
ae8ca03bc,1,16
a913fa1db,1,16
ac62b925b,1,16
a625f71be,1,16
a446ef067,1,16
a99441ad4,1,16
afe9fd946,1,16
a70baea86,1,16
ac3b188b4,1,16
ae248ea94,1,16
ae2b33413,1,16
a3fb41039,1,16
a4dd7f6e6,1,16
ac1fd0a2a,1,16
a99cb1352,1,16
a81326890,1,16
af5e96420,1,16
ae88f23e5,1,16
a39219246,1,16
a6821e10d,1,16
a76e50e04,1,16
af615db1f,1,16
a4eec6d52,1,16
ad202e7c0,1,16
ab5dcc4ca,1,16
a3175b0f9,1,16
a53ff7a04,1,16
ad2d652a4,1,16
a2bf7025b,1,16
afff1d345,1,16
a53a349c8,1,16
a8d35038c,1,16
a03e8fcd4,1,16
ae92b8dd6,1,16
acf4467fd,1,16
ac6afa8ce,1,16
ac7bb334d,1,16
a4c55f3ce,1,16
a8b27c150,1,16
a0a47046c,1,16
ade91be9f,1,16
a1d0efdf9,1,16
a97ec1a02,1,16
aa03425c7,1,16
a98b2f758,1,16
a53148e59,1,16
a02c20f70,1,16
ac8ef1bda,1,16
ad06399ac,1,16
a2f261021,1,16
a47c7c7ec,1,16
a930d09b3,1,16
aaecc7577,1,16
a34489d1f,1,16
a4cd061d4,1,16
a80fc8abe,1,16
a0979f735,1,16
a82ab456f,1,16
a54b3a035,1,16
a45536bf7,1,16
a62798ea6,1,16
a98d79280,1,16
aa05aea07,1,16
a99929c10,1,16
a162ab72f,1,16
aff7d8d06,1,16
aa40c8be3,1,16
a8239cfd7,1,16
af7586140,1,16
a9fb42db3,1,16
aa0ef5630,1,16
ac7140b58,1,16
aa41e1d01,1,16
afd78215a,1,16
a683228ae,1,16
a1632384b,1,16
acbaae436,1,16
ad19af7aa,1,16
a19ca5d9f,1,16
acec931e9,1,16
a911425e1,1,16
ab0a4b7cd,1,16
a6c18ce32,1,16
a470d4695,1,16
aa8b9a0e0,1,16
a9619da19,1,16
ae65f5792,1,16
ae8aa49ff,1,16
af6ead60c,1,16
ae7959139,1,16
af7e03bf4,1,16
adb593c8d,1,16
a47edd748,1,16
a011a1c0f,1,16
a1be4094e,1,16
ab5e4fd77,1,16
afab9c914,1,16
a0fbcd980,1,16
a938c899c,1,16
a840f81a9,1,16
a3349914f,1,16
a16d40754,1,16
a48aac940,1,16
abe3213cc,1,16
a78e3d7da,1,16
a63853248,1,16
a69bb79f8,1,16
af63f952d,1,16
ad66bcd13,1,16
a209f5778,1,16
a81cdde54,1,16
a37a19d69,1,16
ac0332701,1,16
ac689a643,1,16
a256a0a99,1,16
aa06c7082,1,16
aa5c30aff,1,16
a99645938,1,16
ab8845473,1,16
a4d79b078,1,16
adfa1b5c3,1,16
a62facc07,1,16
a95a9d18b,1,16
a9527efcd,1,16
a26e7ab65,1,16
acfc5af0e,1,16
a18b2743b,1,16
a48d27b53,1,16
a37b21608,1,16
ab5500f0f,1,16
a3057a2c6,1,16
a46ddce35,1,16
a278b4912,1,16
a8d7415bb,1,16
a7ba78d7e,1,16
a4b25f611,1,16
a43ee996c,1,16
a3fb15f5f,1,16
a242d532d,1,16
ab6b6b748,1,16
aa54254ea,1,16
a82c6f428,1,16
ac74b94d1,1,16
a06d71892,1,16
a5fe34f9d,1,16
a686c5290,1,16
a5613b0c3,1,16
a601c20d4,1,16
a57539905,1,16
ad16195c5,1,16
acd2feaee,1,16
ab8f3cf0a,1,16
a0af33c0c,1,16
a20c3562a,1,16
a4c83c742,1,16
a341845ee,1,16
af95f35fb,1,16
aac616062,1,16
a52001827,1,16
a5294cdca,1,16
ac094ba7e,1,16
ac2e0ee74,1,16
a97e504fa,1,16
a451c0521,1,16
a07de5b70,1,16
a443145a5,1,16
ad2607842,1,16
a9e7d99cd,1,16
ad60774cf,1,16
a9f385802,1,16
ad05281ff,1,16
aa87c064c,1,16
adf27006d,1,16
a46cb2e71,1,16
a7045fd95,1,16
adc00366c,1,16
a81bdce24,1,16
a58136d63,1,16
aa06c67e4,1,16
af3824ee9,1,16
abae838f3,1,16
ae9468a79,1,16
a988c0572,1,16
ac3e57fcc,1,16
a2e360871,1,16
a238af477,1,16
ae06bd3d7,1,16
a942194b5,1,16
a1dcae0fe,1,16
af3939306,1,16
aedd9881c,1,16
a6cf3d3e7,1,16
af67d521c,1,16
aace4706a,1,16
ace01d08f,1,16
a5796e892,1,16
a43872179,1,16
a3d386907,1,16
ab1ed346c,1,16
aec8fc240,1,16
aee6532a5,1,16
a459a2462,1,16
af6e260a2,1,16
acf082df4,1,16
acd5fa139,1,16
acff2dfd6,1,16
a636b2340,1,16
a459f7bd2,1,16
a9f291231,1,16
a7257ae62,1,16
a20e4f37d,1,16
a7032b286,1,16
a8d5b7e0f,1,16
aaced159f,1,16
a99a8268b,1,16
a5c1b7730,1,16
a746c5b7b,1,16
a37e63051,1,16
a3b43cd24,1,16
a200d7cbb,1,16
a2e2b02ce,1,16
a6287327d,1,16
a1465b5f8,1,16
ad2b38cde,1,16
aa7dbe752,1,16
a8dfd4ece,1,16
ac19bef36,1,16
ab57ca93a,1,16
a5b0e79f8,1,16
a0f2977cf,1,16
abead1b06,1,16
a73a11cf4,1,16
aafa91740,1,16
ae2689d63,1,16
ae911f868,1,16
a935d9e19,1,16
a7587a66b,1,16
a4e98ff3a,1,16
af67bc8d1,1,16
aeda13194,1,16
a971ae4c3,1,16
a6353473c,1,16
ab37e821d,1,16
a2a03009f,1,16
a2a0ac215,1,16
a054d9956,1,16
a8a158a81,1,16
abfce9ec6,1,16
a646be1ff,1,16
a776560d4,1,16
a1c1d7697,1,16
a1069f5c4,1,16
ad1f07f21,1,16
a498edc8b,1,16
aad7abc12,1,16
a140b054f,1,16
ae4a36ccb,1,16
a9665d879,1,16
ae484810a,1,16
a42ca1953,1,16
aa00da4c3,1,16
ac7405cef,1,16
a79503ee8,1,16
a1694fcfb,1,16
a6a4ec18f,1,16
ad3bac6d8,1,16
a958fed17,1,16
a8d0e0600,1,16
ab91b8af7,1,16
ac27b7a59,1,16
a56f2e556,1,16
a0e27264f,1,16
a282f0ddc,1,16
a7d160d3c,1,16
a104d1802,1,16
aad324a3e,1,16
abae4a1c9,1,16
a06a33e40,1,16
a455c22b9,1,16
a39c72d58,1,16
ae382fe8c,1,16
aaf9d4009,1,16
a2e0cb337,1,16
a5e346dd7,1,16
aeadbb1c6,1,16
ad57e3760,1,16
aad9b8b0b,1,16
a027ad0bc,1,16
a79f4394c,1,16
ad66b16ac,1,16
aefd2ee8d,1,16
aee0ad119,1,16
a97428718,1,16
a05f8dc3c,1,16
ae0a50eac,1,16
a06bce9db,1,16
a0f40a43c,1,16
aa0644756,1,16
a56e6fd02,1,16
a857b7ec4,1,16
a670ef691,1,16
a3b8be342,1,16
ac9e02c90,1,16
a082f0d42,1,16
ab02b9f8c,1,16
af9197f25,1,16
aa3f81637,1,16
a7522f5cf,1,16
a4d4e7357,1,16
ae6635aa5,1,16
a3ed6fba0,1,16
addc00f1c,1,16
a4d0e748f,1,16
ab080cead,1,16
a368327cf,1,16
a79c48b6b,1,16
a8d0988fc,1,16
ab5c6f880,1,16
a3061c3f5,1,16
a256fe8ed,1,16
a5b86561d,1,16
a179e819a,1,16
a593afcc8,1,16
af3a45a13,1,16
a7d0e9fc8,1,16
afc4e7796,1,16
a66bdaae2,1,16
a8afc24ce,1,16
a3e018af2,1,16
a41c297cb,1,16
aa19df449,1,16
a418f14dd,1,16
a59379b39,1,16
adbb6a7be,1,16
a7d8e2a4a,1,16
a7bbd774f,1,16
a435382ee,1,16
a5aace233,1,16
ad6b8d737,1,16
a9ba514ea,1,16
a532e77cd,1,16
ac63919ac,1,16
a5f8a21ee,1,16
a8fd27939,1,16
a21a0a0e5,1,16
a9db248a6,1,16
a219fc2c7,1,16
a016c27a8,1,16
a299ab2ca,1,16
ac83ba285,1,16
a986d1e0c,1,16
af1d01910,1,16
a48b650a0,1,16
a66c6e230,1,16
a953a6153,1,16
af9eb3297,1,16
a303d0cb0,1,16
af4388281,1,16
a96df1756,1,16
a12d9378d,1,16
acebe9506,1,16
a68663c3d,1,16
ac0d93771,1,16
a45b148fa,1,16
ad3221dd7,1,16
a1c991692,1,16
aec34afd4,1,16
abee25b97,1,16
af5ee1c5e,1,16
ab9116eab,1,16
ad208f625,1,16
aaaf0856c,1,16
aa0cb1dbd,1,16
a3960403d,1,16
aa7515a8a,1,16
a982ac740,1,16
a441cbbdf,1,16
a44d54dd3,1,16
a81d0fb19,1,16
a2ff072aa,1,16
a609550b1,1,16
a06492fc3,1,16
ae9d11c29,1,16
a12eef17e,1,16
a132133cb,1,16
ac9e4d136,1,16
a76e82e96,1,16
a3b78813d,1,16
acc315bca,1,16
a8e64cbce,1,16
a3b9e77ff,1,16
a5c207d1a,1,16
a86eb6d99,1,16
adb249e1c,1,16
a2e00bb09,1,16
a4d461518,1,16
aeb53049b,1,16
a4b06d18e,1,16
aca3b4515,1,16
a87056121,1,16
afa51b090,1,16
a95625761,1,16
a69549e1f,1,16
a4caec610,1,16
a7d4e0075,1,16
a4e27e600,1,16
ad3535348,1,16
ad0ff994b,1,16
a0cbb9bbe,1,16
ae46c10f6,1,16
a617f5394,1,16
a75adf97f,1,16
aba2b09da,1,16
a9590943c,1,16
a310afe56,1,16
a78c9e1c2,1,16
a65522ea6,1,16
acf4ee917,1,16
a434d3b9d,1,16
ab8b11dd0,1,16
a123fa216,1,16
a3cd9e97e,1,16
aa4b4da66,1,16
acbc80fc5,1,16
a4291afcd,1,16
ad1419d18,1,16
ae68c2e0c,1,16
ab5334859,1,16
a031930a7,1,16
acc3cf5b4,1,16
af33c38f4,1,16
ad068de48,1,16
a4258fdea,1,16
abec2c131,1,16
a861ecdcf,1,16
a568c3909,1,16
a22dd1697,1,16
a0d806c63,1,16
a38566e31,1,16
a2e4b530e,1,16
a19f1b265,1,16
ab1b33aaa,1,16
a797d3d68,1,16
ad5359f11,1,16
a50e176b1,1,16
af4e5adbb,1,16
ac55ed46b,1,16
a4261296a,1,16
ace04baf3,1,16
ab8927ecf,1,16
a11c8d747,1,16
a1e2fa93f,1,16
a545d5574,1,16
aed97e4b0,1,16
a8b018e0c,1,16
a9f2f42ff,1,16
ae219f551,1,16
aa716aeef,1,16
ab622333e,1,16
ac41d7315,1,16
aed9cfe42,1,16
a10c43128,1,16
a91bc6e56,1,16
a1060eeae,1,16
a06ba0ef0,1,16
ae18c2c1a,1,16
aeecf8264,1,16
a63a30eee,1,16
ad33ab756,1,16
ad8fe951e,1,16
a8c79a03a,1,16
af69a443e,1,16
a2d55320a,1,16
a06480874,1,16
a3e10d959,1,16
a8c3541aa,1,16
a3dfafaa9,1,16
a7cd73f6c,1,16
a541a9fcd,1,16
a29ce5b8f,1,16
a6b63355f,1,16
a6ec392d8,1,16
a53063755,1,16
a407279bd,1,16
a60167b4f,1,16
a8706431b,1,16
afc7ba8fd,1,16
a5da46ee2,1,16
a360a4cce,1,16
a45f03708,1,16
a0a1a0d31,1,16
a54d60843,1,16
a3cca781d,1,16
ab4e5f970,1,16
a3292272c,1,16
a8cbbc041,1,16
ad13835ad,1,16
a5c6e59c8,1,16
a55e58c5b,1,16
a0a76a78d,1,16
a8b4fc915,1,16
a442a6761,1,16
a769ac60f,1,16
af4f63f85,1,16
a1beb8bb5,1,16
a1c1b5aa2,1,16
aa372b85a,1,16
a04c81ce9,1,16
af629254c,1,16
a849ce0fc,1,16
a811ece76,1,16
ac137e35c,1,16
a39ac3406,1,16
a2102178e,1,16
a3b70e4ba,1,16
aa67f063e,1,16
a8cdbb45f,1,16
aaba0e70f,1,16
ae3b72578,1,16
aba159180,1,16
aca923abf,1,16
a8df164f7,1,16
ac3677749,1,16
a58bf7172,1,16
a8b5d5a3b,1,16
af1807e83,1,16
a23e2f675,1,16
acbe666e9,1,16
a48538cc2,1,16
aec476f57,1,16
a03e64378,1,16
ab55c1c66,1,16
ad95d4159,1,16
a4ba8d7b1,1,16
a47518668,1,16
a7c9ac52c,1,16
a0660863a,1,16
a369ce56a,1,16
a923e5cc4,1,16
a5c7a343a,1,16
adfab3411,1,16
a13050843,1,16
ac580f08e,1,16
a43c2f031,1,16
a1b118587,1,16
a84ade46c,1,16
a8bddf290,1,16
a2cb87ff3,1,16
ada7f97e6,1,16
a04774701,1,16
ad3a6a2eb,1,16
af0924dbe,1,16
a56f2b991,1,16
a2dac667d,1,16
abced90d6,1,16
a6a911da4,1,16
a9831ddef,1,16
a08f3fafb,1,16
ac7c28c99,1,16
a9ecc5cab,1,16
a4c59f646,1,16
ac5bfe160,1,16
ae9581ba7,1,16
a6b72aad2,1,16
a3730d377,1,16
a23ab9297,1,16
a0a8d0a0e,1,16
a18c0afa7,1,16
a1dce5aa6,1,16
ac1246139,1,16
a2784fdd5,1,16
a17c1fb47,1,16
a77a2ab53,1,16
a90219ea8,1,16
ad4056f55,1,16
a277c928c,1,16
a324e9b48,1,16
a763081bc,1,16
a46dafd02,1,16
a66fac80e,1,16
a629fd45b,1,16
ae81400e8,1,16
ab44fd032,1,16
a981ac7bc,1,16
a856aad2c,1,16
a904f7a88,1,16
aaff18525,1,16
adcb9df1e,1,16
a2fba2a0c,1,16
ac246951c,1,16
a315a38e6,1,16
ac5e868c6,1,16
aa8df0a79,1,16
a60a51b32,1,16
a27124070,1,16
a7a5b6c93,1,16
a6a9a6a78,1,16
a47d7cf65,1,16
a76c3295e,1,16
a8a5325ad,1,16
a052bf624,1,16
a38190aa0,1,16
abf569f8e,1,16
adfaaebf2,1,16
ac23cf34d,1,16
a6d0eb3b7,1,16
a46fc94ac,1,16
a54cd1fe2,1,16
a1f3d2774,1,16
aeacfa10c,1,16
aa91f2fef,1,16
a69e0848d,1,16
af5c8aed0,1,16
a3db04382,1,16
abef34f7a,1,16
a3b7fcade,1,16
a5144e3cc,1,16
afb1c0297,1,16
a3307042d,1,16
a9a282cd3,1,16
af336906a,1,16
a944efa8c,1,16
a15e924dc,1,16
ae1c932b5,1,16
af62fb0fc,1,16
ae6bde017,1,16
a8277a7c3,1,16
a1772632c,1,16
a7419e7f5,1,16
aea33e227,1,16
a3fa2e910,1,16
a7a6719a7,1,16
ad1c313e5,1,16
a46147596,1,16
a52dc7888,1,16
afad923af,1,16
a7940ee90,1,16
a6030df6c,1,16
a4b49078a,1,16
a171ff9b0,1,16
a2e7ac10d,1,16
a2bc86a05,1,16
a759d76da,1,16
aef680071,1,16
aa7c080df,1,16
ac299ac2e,1,16
a8f44b7e5,1,16
ab7bf531c,1,16
ae6d30aa5,1,16
a50999c72,1,16
aafcb9a58,1,16
a281b52d5,1,16
ae880f2bc,1,16
aa160340b,1,16
ace2731c8,1,16
a937df61b,1,16
aadb9a360,1,16
aa1aadbd9,1,16
aff5af8a0,1,16
a1e1e28d7,1,16
a5d41abe7,1,16
a734199f5,1,16
a01b86a23,1,16
afda74474,1,16
a767e64f8,1,16
ada8bbab1,1,16
a12917eba,1,16
ab06ccfac,1,16
aedfbe96b,1,16
ae2fc2c58,1,16
a07b42192,1,16
a2c22351d,1,16
ae2200d5a,1,16
afef80caa,1,16
aa0c507ef,1,16
a816ccbce,1,16
a749aeec8,1,16
a3f8fd5df,1,16
a398ccb29,1,16
a71c662bc,1,16
a799d3201,1,16
a7acef318,1,16
a1e529cca,1,16
a06c41885,1,16
aaa691d60,1,16
a5c055316,1,16
a1661172d,1,16
a7fe1906e,1,16
a9133dd39,1,16
a3092741c,1,16
acab450d8,1,16
a50a3c414,1,16
a78d55fd1,1,16
a6fa2cd34,1,16
a7419d86e,1,16
a98e0e05c,1,16
a455c50f6,1,16
a60a9ece0,1,16
a2506a6d4,1,16
a464e6335,1,16
a6406bd99,1,16
ab2dfc32f,1,16
ab1bb5e3f,1,16
abd97169a,1,16
a949c4ddb,1,16
a9e107d9b,1,16
a5a5ebfab,1,16
afab608ce,1,16
a7d051e45,1,16
a4c7b36d7,1,16
a69264158,1,16
aefd7c87b,1,16
a4dfa8b13,1,16
aba6701c1,1,16
afef5e34e,1,16
a36fdfad0,1,16
a5a4e19b9,1,16
a595846eb,1,16
a2e5bb265,1,16
a641aa3ae,1,16
a5b72d97c,1,16
ab723b96d,1,16
a7c097523,1,16
a663f2211,1,16
a14a71de2,1,16
a8942334e,1,16
a3bcaaf49,1,16
ad4c46fab,1,16
ac5b9e2a9,1,16
adda44c9c,1,16
ad30e409b,1,16
a860976d5,1,16
abcf5b7c9,1,16
a2ebc6230,1,16
a462f5f96,1,16
ab07768df,1,16
a526c8337,1,16
a10458014,1,16
a3abba7c3,1,16
a71fc3c58,1,16
a4348803c,1,16
ac7a341eb,1,16
ace344446,1,16
a03e9ad54,1,16
af271adc3,1,16
a47a484bf,1,16
a50053c6b,1,16
ad30b9aaa,1,16
a97c02aea,1,16
a0dc5c7c4,1,16
afe2fdcdb,1,16
a09993289,1,16
a41b753a9,1,16
ae8d2dd8e,1,16
afa624f3f,1,16
ad88c0bef,1,16
a3581d952,1,16
a3a185368,1,16
a86c39132,1,16
a609d7c1c,1,16
aea509d15,1,16
afc4838c8,1,16
afab1bc7d,1,16
af1cb88c1,1,16
ae87c8dfe,1,16
ac852709c,1,16
a96dc840d,1,16
aec5bf8e1,1,16
aed5103f7,1,16
abc759f8c,1,16
a3c7fdbb8,1,16
a81a839c6,1,16
af59258e3,1,16
ae188eb9c,1,16
a5efd4e22,1,16
a34ccc997,1,16
a3f2840da,1,16
a32a6908b,1,16
af1e3a9d9,1,16
ab4abfd26,1,16
ae3312cda,1,16
a461176d6,1,16
ae4dfd5f6,1,16
a33d6e7bc,1,16
aa5b70006,1,16
ab420e4dc,1,16
aa9079e2d,1,16
ae85a8154,1,16
a4284732e,1,16
a37086337,1,16
a1da9b333,1,16
ae18d283b,1,16
a741d5e4f,1,16
a58d96b5a,1,16
a7259e446,1,16
a833398c3,1,16
af766a19b,1,16
afb30a05d,1,16
aa26f2f46,1,16
aa6157bc4,1,16
adfcb2479,1,16
a8ee7fc67,1,16
aef065b50,1,16
a6e12c969,1,16
a12dd96a4,1,16
a80fe664f,1,16
aa6ee41ca,1,16
a83757a32,1,16
a7b1c85ee,1,16
af8db1475,1,16
aac6be835,1,16
a58c23168,1,16
a4944f33c,1,16
aa8f25c3a,1,16
a99d7ae78,1,16
a05991e61,1,16
a2abffe33,1,16
aab84c306,1,16
a3adbd276,1,16
afef180d0,1,16
ab89d0bf6,1,16
a70a92178,1,16
a40d69f73,1,16
ad3357cf1,1,16
a4628637d,1,16
aa4fe8c94,1,16
a4f9875fa,1,16
a119b408a,1,16
acec266f6,1,16
a93c4fa2e,1,16
a88a90e3e,1,16
aa1ce119c,1,16
a6aaacccb,1,16
a87459f52,1,16
a60314aec,1,16
a951ca3dd,1,16
afbf4ac7c,1,16
ac1acbdc6,1,16
ad594cc07,1,16
a6bc439fa,1,16
a85e589b5,1,16
ae293b76e,1,16
a90ffe2f0,1,16
a49db3cf1,1,16
a3c99d1b7,1,16
accbac36d,1,16
a045aa54f,1,16
a56496aad,1,16
a50026543,1,16
ac256c42c,1,16
a797ccb7a,1,16
a09b2a1b0,1,16
a01b77915,1,16
ad2b43c78,1,16
ae64b90c4,1,16
abef37046,1,16
a297f14f9,1,16
a7d4ee20c,1,16
aad811734,1,16
abe6cd03e,1,16
a0e741e35,1,16
aeac7abaa,1,16
a50911851,1,16
a23980cab,1,16
af8b4395c,1,16
a4da66dea,1,16
a9ffdfaf2,1,16
a33abdf9b,1,16
a17f24ac3,1,16
a5fb340b3,1,16
aac60f187,1,16
acbf275d3,1,16
accbee08b,1,16
a38de1824,1,16
a9f9c378a,1,16
a80f7c2a1,1,16
a2dca4abf,1,16
a73af6110,1,16
a977f60cc,1,16
a14c96388,1,16
abaa93c05,1,16
a9bde4279,1,16
af22b4046,1,16
ab7f8470b,1,16
af9722d19,1,16
abc771087,1,16
a54caa112,1,16
ae9fdf528,1,16
a1c6b91f0,1,16
aa14c853b,1,16
acbc9e1bd,1,16
ab18d667c,1,16
a13e8a4bd,1,16
a7d9dbf29,1,16
a79b75816,1,16
a8b21326a,1,16
a1504d49b,1,16
aa9756be6,1,16
a3fbb413c,1,16
a3952ee80,1,16
abb0e8cce,1,16
a9597bba6,1,16
ac821a820,1,16
af66afc3f,1,16
a9091a9ff,1,16
ada48dd16,1,16
a49d0a39c,1,16
a3811bf2a,1,16
a459a8fbb,1,16
a6e454112,1,16
a5acb2d81,1,16
a5704d486,1,16
a529eb559,1,16
ab7622257,1,16
a7dd56447,1,16
a52bceb02,1,16
a9d6f476a,1,16
accee8d60,1,16
ac2974bf6,1,16
a85d72c68,1,16
a7f9a5208,1,16
ad59693d5,1,16
a88194560,1,16
ac200f2c6,1,16
a7ac3dd8c,1,16
af3444345,1,16
a811651c8,1,16
a33d65939,1,16
ad9b46b39,1,16
aff1b806b,1,16
a00e943fe,1,16
a31bc6e8f,1,16
a28759f02,1,16
a12a37326,1,16
abf7aa8b8,1,16
ab6a038cb,1,16
a4b08bacc,1,16
af15f71d7,1,16
a75f82ed0,1,16
a957a58ef,1,16
a0b9e3250,1,16
aeaddbe92,1,16
ac6759809,1,16
a0fd1e3f3,1,16
a92a19134,1,16
ad9e859ac,1,16
a7043c673,1,16
a84da1f6b,1,16
af0883b91,1,16
a67fdd138,1,16
a7da5528d,1,16
adefb9bf0,1,16
ac09bc32b,1,16
a7d7d4809,1,16
acaeb5f4a,1,16
ac92b6474,1,16
ad486b64d,1,16
a116019cb,1,16
a34134145,1,16
ae7988c7f,1,16
a7c0c6834,1,16
aface69ac,1,16
a8dddfb17,1,16
a903cd9b2,1,16
ae08fa58d,1,16
a915ae8eb,1,16
a3d357701,1,16
a8e684188,1,16
ac6342dbb,1,16
ab52c603f,1,16
a6f4e77f3,1,16
a8391684c,1,16
a000784bf,1,16
ab08b561f,1,16
ae6cf02f5,1,16
a31f73d42,1,16
ac7c5c1a7,1,16
ac1a53946,1,16
a2d4faff3,1,16
ab5827d8b,1,16
a9836e085,1,16
a798d21b9,1,16
a1ed5c05b,1,16
a078efbd8,1,16
af9ad0106,1,16
a084b1071,1,16
af566abab,1,16
a32de8f13,1,16
a5f44fd04,1,16
a29b1da07,1,16
af4b62d2c,1,16
a08807072,1,16
a67cb24c2,1,16
a88d8a8fd,1,16
a863586fd,1,16
a038505dd,1,16
af5df93f0,1,16
af22e69a5,1,16
a27a8b36d,1,16
a70f86772,1,16
a3c0f3a19,1,16
ad106b166,1,16
a54dbd874,1,16
a0ef5bcbb,1,16
ae22a3e4e,1,16
a46be0dcc,1,16
a182ed3f5,1,16
ae65f191c,1,16
a318264f0,1,16
a0d3d94e4,1,16
aad3bc48f,1,16
ad68f614b,1,16
a346186c9,1,16
a91a2d8df,1,16
a8f59b3f4,1,16
a221e7868,1,16
a03e723a1,1,16
ad75ab10f,1,16
adfe6501d,1,16
a3f736c6f,1,16
a8d02e647,1,16
abef5caaa,1,16
acdb96f37,1,16
ac3804c1d,1,16
a099b07cd,1,16
a5cae345a,1,16
ac2da6e35,1,16
ae47add0e,1,16
a6da12ac6,1,16
a10a0ba54,1,16
a08e8af7e,1,16
a6a4e2e69,1,16
a27f84847,1,16
ac24f8008,1,16
a5269d24b,1,16
a0059bec1,1,16
a5831388b,1,16
ae0f78638,1,16
a3af9e5e3,1,16
aeb302a4c,1,16
a86a4ef91,1,16
a66372243,1,16
a6c57aa1c,1,16
a9d88b14e,1,16
a764a3b91,1,16
a9954202d,1,16
a4aab5f13,1,16
a320f4d7c,1,16
a36d86e15,1,16
a7ec05457,1,16
a291a94b2,1,16
aae0d032f,1,16
a9973c80d,1,16
a7a595834,1,16
a1c6add32,1,16
add15be1c,1,16
a1f0326b6,1,16
af1d2648f,1,16
a07e7f208,1,16
a2d8f82a3,1,16
a69f77113,1,16
a00501dbc,1,16
a8eff94fe,1,16
ae619bf7f,1,16
ab68c4039,1,16
a4af5e3a0,1,16
af349fa51,1,16
ae2267b0a,1,16
a2750b569,1,16
a01d9a79f,1,16
a7feb12a5,1,16
ac4a8d549,1,16
a60e2f4ca,1,16
ad1acfcb8,1,16
a984b947d,1,16
a3c095e2f,1,16
a351a35ff,1,16
a8d6aaa00,1,16
ac35feec5,1,16
a4b29fc76,1,16
a680c8ea5,1,16
a6ad6a0d2,1,16
a659c5811,1,16
aba71879d,1,16
ad05ef953,1,16
ae01f92e3,1,16
a5a3a2a51,1,16
acd36c84f,1,16
a463cd179,1,16
ad63e6f67,1,16
a18bf94b4,1,16
acdcf82fc,1,16
abc7d836c,1,16
af73e444d,1,16
ab23795ae,1,16
a96f64a50,1,16
a26b3c504,1,16
ac4b51435,1,16
aa6b6faee,1,16
a867795a1,1,16
ac2a51fdf,1,16
a052b3186,1,16
add2e9040,1,16
a156e80b1,1,16
a34cdf26a,1,16
a58ca883f,1,16
a1390be29,1,16
a2883879f,1,16
a49bcadf9,1,16
a6c1d949f,1,16
a075ade92,1,16
a3e57ab1a,1,16
afe4d3be5,1,16
a480f05ab,1,16
ae1fadbb7,1,16
a69d119ad,1,16
ae0161b69,1,16
a81534d82,1,16
abfcb63de,1,16
a58f87250,1,16
a477af08c,1,16
aa70c82b5,1,16
a773807e5,1,16
a0bfe2deb,1,16
a9cb541bf,1,16
af120cabf,1,16
aad2dbc70,1,16
a14207822,1,16
a48a8dddf,1,16
a90b02e22,1,16
af2cc6f00,1,16
a18a10d75,1,16
a4269e66d,1,16
a455159c4,1,16
af59d6cd5,1,16
ae14ae980,1,16
a5fd904dc,1,16
ac9136302,1,16
a7b045e30,1,16
a3f9fa588,1,16
adce42db9,1,16
ab9ae882b,1,16
a83140eb6,1,16
aa28c9c18,1,16
a34c6b8c9,1,16
a81746396,1,16
a80898230,1,16
a0e7e4334,1,16
ae34128af,1,16
aa09432d5,1,16
a361c8ae1,1,16
a08d65e41,1,16
a7ecd9df5,1,16
a3cc1ba96,1,16
a788e5347,1,16
a9b0cca96,1,16
a306befb5,1,16
a258d532a,1,16
a1b5b361a,1,16
a35051a0b,1,16
ace3efc4a,1,16
ad54bfa61,1,16
a3f2d17e5,1,16
a32336e92,1,16
af3dd331d,1,16
af189e61a,1,16
ab0fb2d61,1,16
a4ed5c202,1,16
ae4473507,1,16
ac519d68f,1,16
a76604832,1,16
a308108da,1,16
a40df3b7f,1,16
a3fe9bb6d,1,16
abd7ac688,1,16
a9b90d9e4,1,16
aa7cd46cb,1,16
a421d504b,1,16
a992d4ae5,1,16
a6ca11afc,1,16
a36530685,1,16
abd55a192,1,16
ab21606de,1,16
a2402be1b,1,16
a77b1a5a4,1,16
a4a0fcdd6,1,16
a29d58c47,1,16
a04ecd1c0,1,16
aa7e8f61a,1,16
a5e34930a,1,16
a6012a431,1,16
ac68f0fd3,1,16
a7d647f95,1,16
a5b7c6e86,1,16
a19698266,1,16
aa03cccb4,1,16
aa33fd05e,1,16
a753bee13,1,16
af202dba8,1,16
a008ff1a8,1,16
a6e8f1c76,1,16
acf93e325,1,16
a8724cd09,1,16
a62ed8f85,1,16
ac858c4fa,1,16
a0bca7c2e,1,16
ae3d22cf5,1,16
a39ba88d5,1,16
a93adeb26,1,16
ab7928ffc,1,16
a5b3a5117,1,16
a104d75d9,1,16
a48551387,1,16
a1ae4d965,1,16
afc577efa,1,16
aeb7d7817,1,16
a565d87e8,1,16
a42da0a5c,1,16
a5558e7c1,1,16
a0067f092,1,16
a4d5bad39,1,16
a72b49b02,1,16
abeec865e,1,16
a0ea2d5b8,1,16
aa101000b,1,16
a0badddac,1,16
a38309f1e,1,16
a01dd3604,1,16
a1bc90656,1,16
aba67ffbc,1,16
a8d2f724d,1,16
a847e37c0,1,16
a7160849a,1,16
af3522ef8,1,16
a36736f25,1,16
a8d86c28d,1,16
acba74d39,1,16
a463c57d1,1,16
a8cfb1a36,1,16
a90ad6a1d,1,16
a0ba989c5,1,16
a2e0fd700,1,16
a4f74d75f,1,16
a7594913e,1,16
a9ff038f3,1,16
aa0345b77,1,16
a671a9b47,1,16
aa136d214,1,16
aff92e74b,1,16
ae7cf34bd,1,16
aa1ad08be,1,16
a0dc9d9cd,1,16
a6967eb69,1,16
a483021c6,1,16
a0b061947,1,16
af37d1ea5,1,16
a382e5ccc,1,16
a816fcdb4,1,16
a68d81967,1,16
a350468f2,1,16
a25c9b650,1,16
a07b00879,1,16
a6da25583,1,16
a7ed2a295,1,16
a32aba89c,1,16
a03bdc372,1,16
a44d2c564,1,16
a478fa5d1,1,16
a2f910b24,1,16
abef3346d,1,16
ae2af8b67,1,16
a969fa327,1,16
aed81a37a,1,16
a698ce233,1,16
a49b3d1c7,1,16
aef2eb496,1,16
aadbbbe1f,1,16
a6226b574,1,16
af2316288,1,16
a67f22a14,1,16
a5d50fd27,1,16
ac87909cd,1,16
af0526533,1,16
a186b11bf,1,16
a5beac98b,1,16
a828b316f,1,16
ab14daee5,1,16
aecb58ff3,1,16
ae6f0d430,1,16
ab88f1300,1,16
a30f4c730,1,16
a26f79304,1,16
a4ed0badf,1,16
a24369a5a,1,16
ac5e1a86e,1,16
a96e67781,1,16
a935eacfe,1,16
a3001237a,1,16
a94854fdf,1,16
a494aefbb,1,16
a5df16a5e,1,16
a59f043bb,1,16
ac8a9c7db,1,16
ad5c0e8e7,1,16
acaea5408,1,16
a12e384f4,1,16
a000ad69a,1,16
ab5a6b7b3,1,16
ae470fd7f,1,16
aebc564a4,1,16
ad4cc5982,1,16
a3fe2fa3a,1,16
ae5244582,1,16
a93d3ed7b,1,16
aa9afba0b,1,16
a27a2651f,1,16
a09710047,1,16
aae1e35cf,1,16
a58732761,1,16
a4c520254,1,16
a698497c3,1,16
ad1256278,1,16
a4f15ba92,1,16
a656df534,1,16
af0c7e394,1,16
ab0177670,1,16
a4cc058c1,1,16
a95522420,1,16
a7a5fcd26,1,16
af6e43416,1,16
a493a2575,1,16
a97df9e3e,1,16
a4900d861,1,16
afc41f95b,1,16
a0c00ead4,1,16
ab0585c6b,1,16
a5d6c4bc1,1,16
ad2314f17,1,16
a1e9b90c2,1,16
a5c0e32a0,1,16
add315e8c,1,16
ad28bf39b,1,16
a33bdef25,1,16
a9d7fea5b,1,16
aec6231ce,1,16
a4462aa74,1,16
ab0cc31d3,1,16
a33393d29,1,16
a7b4bcdaa,1,16
a20b4a3b1,1,16
a210757a6,1,16
a826f1421,1,16
ae39c7e7f,1,16
ab3ba31d1,1,16
a002ab7d3,1,16
abf01db63,1,16
a83cfcedf,1,16
af682f9a2,1,16
ab048994c,1,16
aac3f3401,1,16
ae4a27f37,1,16
ae522d7cd,1,16
a69b2bc16,1,16
a986c7f04,1,16
a7273f32c,1,16
aa57b3d68,1,16
ac07636ff,1,16
a144b0051,1,16
a7c3c13c9,1,16
a43303445,1,16
a133e596e,1,16
aafae4edb,1,16
a6c015f9a,1,16
a805c0187,1,16
a912eacda,1,16
ac7ed42f5,1,16
ac91c63d5,1,16
a22dff796,1,16
a6839b30c,1,16
a6d28b093,1,16
af756ff75,1,16
acc0e8b68,1,16
a95b75299,1,16
a44f1062d,1,16
a34feacab,1,16
a84696307,1,16
a4ffefe0c,1,16
a922b16bd,1,16
a17ab676a,1,16
ac42653e2,1,16
aecee1197,1,16
a8005b94a,1,16
ae1bcd327,1,16
a2dcbb8c1,1,16
a52a97a6b,1,16
a67968527,1,16
a9b5fdce6,1,16
ad379da51,1,16
a55194665,1,16
a4d0862d2,1,16
a93479cdd,1,16
ae9542c9b,1,16
a88af048c,1,16
a50b66633,1,16
ace3cb028,1,16
a3d7e3a3a,1,16
a49ce0578,1,16
ab53f77eb,1,16
a2218f7e8,1,16
a2e64c337,1,16
ad2ab7b9f,1,16
a2ea7d8e7,1,16
af9324fdc,1,16
a15cc4b7a,1,16
a3556b991,1,16
a3b84ea85,1,16
a3adbad51,1,16
a23b3fdb7,1,16
a455d38d2,1,16
a94dff1e4,1,16
a2d19b6f2,1,16
a2b957fdd,1,16
ae38fd7b7,1,16
ae11342b0,1,16
a5c39d037,1,16
aacb916ab,1,16
a587d5464,1,16
af92e307c,1,16
a8711f088,1,16
a7ad704fd,1,16
a37d429a3,1,16
a4629f025,1,16
a9a11eda1,1,16
aab4256ee,1,16
abcd3d05d,1,16
a9beeecdb,1,16
a83650455,1,16
a46388316,1,16
a59c16d55,1,16
a36b85838,1,16
ad980bd59,1,16
a1d836f8e,1,16
ad25c67fe,1,16
acd370371,1,16
af8565791,1,16
ad6a48197,1,16
aa9f0a1d7,1,16
a0ba67f39,1,16
a9151d13e,1,16
ab39cae82,1,16
abec3a6e9,1,16
af0b73bf8,1,16
acf0636f3,1,16
ae8837bed,1,16
a4eaf702b,1,16
a29164ee4,1,16
a25460d4a,1,16
a6b1a738a,1,16
afea2c044,1,16
a07325062,1,16
a0a001a0f,1,16
a47d344e6,1,16
a044706ed,1,16
a5b3805d9,1,16
a139d4852,1,16
affa62048,1,16
af604e248,1,16
aef70d4ea,1,16
a98237aa3,1,16
a22891d62,1,16
aff04bbbe,1,16
a7ccdc97b,1,16
a1313089a,1,16
abe0007a7,1,16
a3da0b39a,1,16
a52c5c0c2,1,16
a0bf92a30,1,16
a00285554,1,16
a7a6686c6,1,16
ac1a3f18e,1,16
a787ceee5,1,16
af2858984,1,16
adc6cee8e,1,16
a6826de2f,1,16
a6c5b0852,1,16
af560169c,1,16
a5b9ea0a3,1,16
a7abb4553,1,16
ad0ed8be2,1,16
a4a527840,1,16
aead38d29,1,16
ae4ee862d,1,16
aac6115e5,1,16
a560d35a1,1,16
a0aa2925c,1,16
a58a3d3eb,1,16
ab6dc75cc,1,16
a52f51cca,1,16
aa2c7882f,1,16
a329c0c17,1,16
af0197e99,1,16
a1238f98d,1,16
a6a90a7ed,1,16
a1d525492,1,16
a0df914bc,1,16
ae322823a,1,16
a4ae9aff1,1,16
a35ae75bc,1,16
a4471d4c0,1,16
a3fd1060e,1,16
a360965fd,1,16
ab1fa6e9b,1,16
a57c77bcd,1,16
a5c88b806,1,16
adbd41635,1,16
a4a146aba,1,16
add83b682,1,16
a5c63b0f8,1,16
a02ac5c51,1,16
ad22f1566,1,16
a56b09e76,1,16
a272ec393,1,16
af7f6561f,1,16
a571f038d,1,16
a4d0b6ed6,1,16
a1fce9fb7,1,16
ab3297f9d,1,16
a7e532714,1,16
a2ee87d8c,1,16
ae106ab61,1,16
ad57c1a27,1,16
a5589fbf4,1,16
aca813545,1,16
a3fe903f2,1,16
ad211f180,1,16
afb8c392d,1,16
afc386d8e,1,16
a6ff27e71,1,16
ac270dc96,1,16
aa4a6959c,1,16
a50bcc066,1,16
a18810dac,1,16
ab43af581,1,16
a88646689,1,16
a5220058d,1,16
a3e76c168,1,16
a38e73072,1,16
a8ad6c9dd,1,16
a1faa070a,1,16
a6c0b3a7c,1,16
a9edf4286,1,16
a308a93fc,1,16
af7e406bf,1,16
a1d1be948,1,16
a1e1fe34b,1,16
abebf76ce,1,16
ad4e35387,1,16
abca7ad19,1,16
a2b6761a9,1,16
a69851999,1,16
af8d32487,1,16
a05a50e0d,1,16
a0579ef14,1,16
a4356c3d4,1,16
af977f7f4,1,16
a0ce24fc5,1,16
a5a7f1130,1,16
a9efe6af7,1,16
a0a7f7c4d,1,16
aae942ab8,1,16
aeceaa353,1,16
a0ff791f5,1,16
a9242cd9c,1,16
a38b5daed,1,16
a95eb6a7c,1,16
a0fc9c2f9,1,16
a896e5e65,1,16
a3a00181e,1,16
a4ef8abec,1,16
a37cd5ce7,1,16
adce38771,1,16
aaaea0ff8,1,16
ad2b73ed0,1,16
a72af9915,1,16
a53b25bd9,1,16
a2b89f9eb,1,16
af63fd72f,1,16
a053e7233,1,16
a8621f068,1,16
a2bd66dce,1,16
a613634c9,1,16
a4ca5a836,1,16
a7af37407,1,16
a26b3b974,1,16
ae746ee53,1,16
a03f850b0,1,16
a8e1e3a4f,1,16
ae2294a98,1,16
ae8e549e7,1,16
acab92128,1,16
a81489bd8,1,16
a724e59f8,1,16
ab0deeb93,1,16
a1afbfd83,1,16
ad6d623b2,1,16
ac5df1d27,1,16
a4fba7bfb,1,16
aff1a0e11,1,16
a92a91da1,1,16
afb216353,1,16
a17ae3bdd,1,16
ad3d2071a,1,16
a525ba03b,1,16
ae2940923,1,16
a902f9751,1,16
ad654c4de,1,16
adbcdc530,1,16
a42e12684,1,16
a4e3fc27d,1,16
a79bcf99d,1,16
a1d591da3,1,16
af831b424,1,16
a3d8e141e,1,16
a92e7e29b,1,16
a64e2fae3,1,16
a2215ca07,1,16
a30a4ba12,1,16
adacf2abe,1,16
a5c23f5cb,1,16
a6f7c8492,1,16
afef4b61d,1,16
a05cb0a58,1,16
a840a19df,1,16
a4b5ae367,1,16
a9ecd9d9c,1,16
a24c573ab,1,16
ac7ba6c20,1,16
a1694636a,1,16
a5a02e231,1,16
a6f2f0fd8,1,16
a30ff319b,1,16
abc689f36,1,16
a9b84afc8,1,16
aaa8a0ec8,1,16
a43ab7ae2,1,16
a1d6af692,1,16
a0432b00a,1,16
a046f09fb,1,16
ab5d6ffdb,1,16
a1de0989d,1,16
a7416f3e9,1,16
a6b3216e4,1,16
a3fe7d366,1,16
ab2b1d691,1,16
adca178c3,1,16
a95fc64f6,1,16
a3c8e36bd,1,16
a2d9c533c,1,16
abb12a62f,1,16
a674cb6fc,1,16
ad11dea86,1,16
aa3fbce2f,1,16
a774b7acb,1,16
ae033e69c,1,16
aaf766559,1,16
a206d7dc7,1,16
a32a2a3bf,1,16
aa1c90c85,1,16
adc3da074,1,16
a8decf567,1,16
adccc480e,1,16
aea1b6d5a,1,16
ac9506367,1,16
a57e5e9f1,1,16
a86a6001a,1,16
a26a4929f,1,16
a0e354761,1,16
a0cfa449c,1,16
a568508e5,1,16
ad1a37499,1,16
a4f809af6,1,16
a37fc1204,1,16
a07095aea,1,16
a6fecb2f0,1,16
a38cf454f,1,16
aae1be519,1,16
ac6aafb2a,1,16
a02c12c86,1,16
a6461b959,1,16
a06725498,1,16
a29e23121,1,16
a9b7ebc18,1,16
a0dba0402,1,16
a98e0c5b3,1,16
ac15abd52,1,16
aa8707b3c,1,16
a06671f64,1,16
ad4366ccf,1,16
a4c997b57,1,16
ab89b0675,1,16
af92c1160,1,16
add934ab0,1,16
a6dee0a42,1,16
a98964020,1,16
a331c9366,1,16
a3a54bb1f,1,16
ae6bca2a9,1,16
a85518eb4,1,16
a700aa6d1,1,16
a591c31c5,1,16
a9f03376a,1,16
a759ba9ec,1,16
a2bab4ae2,1,16
a40c651d1,1,16
a40721f75,1,16
a73e86a71,1,16
a2ffc6bdb,1,16
a1532b7c2,1,16
a1d388433,1,16
a7e93c03f,1,16
a8d4c0c19,1,16
ab6e15207,1,16
a8a405394,1,16
a9d115df6,1,16
acd4868c1,1,16
a1bd3281b,1,16
a38ff0d8b,1,16
a98214307,1,16
accd20484,1,16
aed8ce26c,1,16
a1009820d,1,16
af2373b71,1,16
abbae23e2,1,16
a58a9121d,1,16
a3072cf34,1,16
acfcbb7f1,1,16
a301c827a,1,16
a7b7bbbeb,1,16
a1ad18101,1,16
a39d60c6c,1,16
a2c1d7537,1,16
ae4b55efc,1,16
af6f277c9,1,16
ad0e2fa98,1,16
a48671bd8,1,16
a34884da3,1,16
acbb8d926,1,16
adfa3932a,1,16
a7bffa5be,1,16
a0b77134c,1,16
a0abcebb3,1,16
a971d2d46,1,16
a55bbc18d,1,16
a469f3876,1,16
a903de548,1,16
aba6eb132,1,16
ad9c44f20,1,16
acbfb2349,1,16
adce7c90b,1,16
a745aa440,1,16
abc192e7a,1,16
ad9eef5c2,1,16
a03b176ee,1,16
a0a473781,1,16
a05b11af0,1,16
a2b5fbffe,1,16
af31512fe,1,16
ad8a49e37,1,16
a64ab7b7e,1,16
a57ede9f6,1,16
a8b7a150e,1,16
af9ac6e49,1,16
a5580385d,1,16
a05659849,1,16
a8c61d6b7,1,16
a050f437f,1,16
a2d212963,1,16
a8f61b20e,1,16
afe1abd15,1,16
a041ba5a6,1,16
a5ec21e48,1,16
a01597872,1,16
aadfebbb9,1,16
a18b4cc85,1,16
a76570773,1,16
a1919aabc,1,16
a541979b3,1,16
a775da137,1,16
a81e41f47,1,16
a814371b5,1,16
a17d98f28,1,16
a7e1e48e5,1,16
af6e47264,1,16
a308af0d9,1,16
af82a1453,1,16
a1b0eeca0,1,16
a46e318c6,1,16
a2472e292,1,16
a06b0e85d,1,16
a9969bf13,1,16
aaf1268ce,1,16
adc486316,1,16
a929372ef,1,16
a4eb49a57,1,16
a63642045,1,16
a16d26e4d,1,16
a3d7c1ee3,1,16
a2790af3d,1,16
a4205dc5f,1,16
a4b22dabf,1,16
a294c9601,1,16
a7a2cef3a,1,16
ad37f5efc,1,16
aaf0a92bb,1,16
af5189206,1,16
a91fd585b,1,16
a8c51fc02,1,16
a38aec1ca,1,16
a0723ce9e,1,16
aa6b01dc6,1,16
aba7f757b,1,16
a71455907,1,16
aee8e51d8,1,16
a7cf094a1,1,16
ac1620a9b,1,16
af037f1b9,1,16
a12e7d829,1,16
a25f3d056,1,16
ac868646e,1,16
a3ffb7df7,1,16
a68603650,1,16
a3121597c,1,16
a8569d565,1,16
a175b95f0,1,16
ae95f8314,1,16
a9262b765,1,16
a3b3b9fc3,1,16
ab0b4dde7,1,16
a71e60cc4,1,16
a8286b446,1,16
ada250579,1,16
a95e79247,1,16
a0b7538d4,1,16
a3eade844,1,16
a4f5cc836,1,16
a430ed57d,1,16
a5bc37c45,1,16
ac3b8d424,1,16
aee5895bc,1,16
a30beb694,1,16
a10066736,1,16
ad1400ed5,1,16
a8ffc3b5f,1,16
abdc239bd,1,16
a5a6eaddc,1,16
a736571d6,1,16
a9d704570,1,16
ab7e0c192,1,16
a7ff630b9,1,16
a32ec8b59,1,16
a59b5871e,1,16
ac09677c3,1,16
a397e7a08,1,16
a0da0fb40,1,16
adef4803c,1,16
a932c9d2c,1,16
a1be0e84d,1,16
aafb67f67,1,16
a88a38521,1,16
ac5bb20ef,1,16
a0834e9bd,1,16
a56028d79,1,16
a7ee80b03,1,16
acbf757c4,1,16
abe357be7,1,16
a73be6630,1,16
a76fab54b,1,16
a287d3d73,1,16
ae248d9b1,1,16
a740cbfdc,1,16
a4042cf00,1,16
abd8faf3d,1,16
a6db277f6,1,16
a392cc251,1,16
ab86e12f6,1,16
ab3c80e24,1,16
a6cf8bc13,1,16
acfdcc7f8,1,16
a8b9deb34,1,16
ad10243d4,1,16
ae7d8a3d0,1,16
a0e3409a6,1,16
a0a78a40d,1,16
a5f1244d0,1,16
a3dd6c443,1,16
a50a9e499,1,16
a470499c5,1,16
af701251d,1,16
a0feb331b,1,16
a2547766a,1,16
ac4d2605c,1,16
a5e64ae63,1,16
a6ef09c8d,1,16
afad13d68,1,16
a91ae4ca7,1,16
a3da281ff,1,16
ad0bc1c11,1,16
abf5aa4b9,1,16
a6009f183,1,16
ad162971a,1,16
a56f7f84d,1,16
a9a544433,1,16
adea214fe,1,16
a733cb260,1,16
a0b6496ea,1,16
ac4da32fe,1,16
a03411e3e,1,16
a6cec49ed,1,16
a85795493,1,16
ae452d9f0,1,16
a41df3720,1,16
af6c23baa,1,16
a7c6f8baf,1,16
ab1f55b58,1,16
a01933ba9,1,16
a7548753f,1,16
af802b6fb,1,16
a663eb690,1,16
a9a73e527,1,16
a3f48fad6,1,16
a6caf87b1,1,16
ab8256e03,1,16
acb37cf9e,1,16
a20b2429c,1,16
a49485daa,1,16
ac930a351,1,16
a981a73e6,1,16
ad4c06c62,1,16
ae1c9b424,1,16
a3c78aeee,1,16
aa9fa9630,1,16
ae6d3dea1,1,16
a90a4e937,1,16
a1335d158,1,16
a18cb93c1,1,16
a162bec8e,1,16
a4a69f09b,1,16
aba106c22,1,16
abc2df405,1,16
a8df19ef6,1,16
af59763dc,1,16
a89db570d,1,16
a61d6e033,1,16
a78c7159c,1,16
ad08306b9,1,16
a9bb018dd,1,16
a39ab1b41,1,16
ae0df2218,1,16
a352feca1,1,16
a0b05ec0a,1,16
a10bfc78a,1,16
a8ee957dd,1,16
ae07d648b,1,16
aa7d2efa0,1,16
aad82dd20,1,16
ab5042a55,1,16
afa90d946,1,16
aa6b81c4a,1,16
adb135f0e,1,16
ad69c41b7,1,16
a5e7cdcd5,1,16
aa9e871f0,1,16
a850e5ca7,1,16
a9a44d182,1,16
ad593009c,1,16
ac645ff25,1,16
ac05c8eaa,1,16
a1c25e33d,1,16
a4e9aade2,1,16
a9a69d818,1,16
ac2d8aaa3,1,16
aa5e99c3d,1,16
a5f0aca61,1,16
a15ac144e,1,16
acc8c2f92,1,16
a1114a960,1,16
ad3050ae3,1,16
a04b31cc7,1,16
ab9eafdef,1,16
a064ebdd4,1,16
a9b7fdedd,1,16
a0e602c44,1,16
a208e3e44,1,16
a22687b1a,1,16
a79e272c1,1,16
a0a64bb29,1,16
ab97a7b9f,1,16
a4216e07c,1,16
af8a8f9f3,1,16
a8e444d20,1,16
a0e2112f3,1,16
ac80cc6dc,1,16
aabe37f01,1,16
a95cd8e3d,1,16
a56f0d50f,1,16
a5ce2f03c,1,16
a607fac1a,1,16
a5a5fee05,1,16
a53a4d74f,1,16
aa5453246,1,16
a76d896cb,1,16
abfadbfe3,1,16
a733722fa,1,16
a8cf75841,1,16
ab1c5e608,1,16
ac10047ed,1,16
a4f3d8988,1,16
a7a2cdb1f,1,16
acd56b9e7,1,16
abafe46a7,1,16
a888c9181,1,16
a9859d92b,1,16
ac3d4fb7a,1,16
a6df837de,1,16
a0494006f,1,16
ad9ca969d,1,16
a1396e789,1,16
a86314c9b,1,16
aeb85a766,1,16
a33b15ff0,1,16
a4686a5ff,1,16
a7de43c42,1,16
a4d348083,1,16
aeab6e0e4,1,16
a23dd2e9e,1,16
a47e39088,1,16
ae515a49e,1,16
abf08610b,1,16
a18521d59,1,16
a0bac5851,1,16
a82e9b3fe,1,16
a5ab1b7f3,1,16
a5aa2ef6e,1,16
ad51375cc,1,16
aea830b9a,1,16
a00287737,1,16
ac7606fa5,1,16
ac87b06d0,1,16
af6441006,1,16
abcb2886f,1,16
a76ccce7d,1,16
ad513783b,1,16
af3803b04,1,16
a1a56c43f,1,16
a2b78d3cc,1,16
a736dcc79,1,16
a1302ab5e,1,16
a95e1501f,1,16
add7bec64,1,16
a80879ad4,1,16
acd79cee8,1,16
a327888a6,1,16
a3d0e12b1,1,16
a156dece4,1,16
a19d79ca7,1,16
a86985dfb,1,16
a81a5111b,1,16
a81fc3e00,1,16
a159a7a0e,1,16
a83022a59,1,16
a1e20d281,1,16
a9d71607d,1,16
a2cc3122b,1,16
a4c6ae88d,1,16
a099615c6,1,16
ac3f92837,1,16
ad5449db2,1,16
a5d83acee,1,16
a082c6bf6,1,16
ac692441b,1,16
aa84fbccb,1,16
ac6e6f93b,1,16
abe904fcc,1,16
a2ac59567,1,16
a0e47e6e4,1,16
afc36e887,1,16
a4894d9c2,1,16
aedef7ef4,1,16
a735386b9,1,16
a8423cea5,1,16
ad0d1e77d,1,16
a0b71443a,1,16
a2792ca1b,1,16
a165b2f94,1,16
aa224f8a8,1,16
a6f9440af,1,16
a49ebbc17,1,16
ac4683549,1,16
a52eb8562,1,16
a817b4394,1,16
ad36e4bc9,1,16
ac7d56a12,1,16
a0fd16b68,1,16
a10e8b555,1,16
ae6f7229b,1,16
ab7001a0f,1,16
a515e3ea3,1,16
a1191922a,1,16
af123087b,1,16
add8c4322,1,16
a519a9544,1,16
a7e328cd1,1,16
ab7056f18,1,16
ac5231ccf,1,16
a09f3db94,1,16
afecaf410,1,16
a9897cfd3,1,16
a6c62ab0f,1,16
aedd179df,1,16
adf3af89b,1,16
aa39ec5c0,1,16
a9e3ac3f4,1,16
a49924f61,1,16
ab072977b,1,16
a321642e2,1,16
a6a273ef0,1,16
a0b3e79cd,1,16
adbee3abf,1,16
a8638e50b,1,16
a6e099db5,1,16
aa6cef9b1,1,16
acdbfdbbb,1,16
af95fb069,1,16
a473fd8fd,1,16
a6fdb3865,1,16
acf6a964f,1,16
a77334f74,1,16
ac0fe372e,1,16
aa1d01076,1,16
a6d0fb470,1,16
ab38efe3c,1,16
a6d4e9b8b,1,16
abf593b13,1,16
a9d4116d7,1,16
a9311f703,1,16
a1b7145e6,1,16
adb4cd931,1,16
a8894d113,1,16
af4ed5ca0,1,16
aab1fe9b0,1,16
abb95bf21,1,16
aecee0737,1,16
a7ef87b4d,1,16
aa6e84bdd,1,16
a684062b6,1,16
a2af550f4,1,16
a6e4d9b0b,1,16
a0321d1a0,1,16
a14fd0a91,1,16
afeeebdf1,1,16
a557edbdb,1,16
aa30ee97b,1,16
a7d41c58a,1,16
ac46788f1,1,16
a06cc6cef,1,16
aacfe85b6,1,16
aac0fdd5f,1,16
a6193033f,1,16
add1351a5,1,16
a0406ad25,1,16
a57c6340b,1,16
adaf154b9,1,16
ad1f83259,1,16
a131ddd35,1,16
ac93e5886,1,16
a6342e88c,1,16
abaa38900,1,16
a0d2b5d67,1,16
a8347c16c,1,16
a89a9a2ab,1,16
a6fae71ae,1,16
aaaa0590e,1,16
a423b289f,1,16
af0b0c15e,1,16
a1ff8e649,1,16
a6bd3dc57,1,16
afc4345c6,1,16
a803bcac6,1,16
a7c09fe7e,1,16
aa295f857,1,16
a39a05bc7,1,16
ab9592f81,1,16
ad927ff05,1,16
a7361a3a5,1,16
af4efe5f9,1,16
aa3b8a70c,1,16
aa253830b,1,16
aebd8fc60,1,16
ab6bb7312,1,16
a1bb4170a,1,16
aaf968662,1,16
a82f7143f,1,16
a132c256d,1,16
afdce07d7,1,16
a7c7b80dd,1,16
a337f7c8f,1,16
ac6fca7e4,1,16
a49bca42e,1,16
aad4a2335,1,16
a48b4a200,1,16
a4f92c28d,1,16
aaae742d3,1,16
a796256f1,1,16
a32119759,1,16
ac823e517,1,16
a4dc7a917,1,16
a6f28da67,1,16
aa5e50cbe,1,16
a83ba5c4e,1,16
a18036193,1,16
ad959ad1f,1,16
ace68a9d4,1,16
a9c1df03c,1,16
a5adf8b88,1,16
aa7c09cea,1,16
a0d9897f2,1,16
aa9795a86,1,16
a6abed64b,1,16
a033091df,1,16
a6cd1b60d,1,16
afd95e95d,1,16
ab4b45365,1,16
a195b8343,1,16
af0098d86,1,16
a3ff160ea,1,16
a096a5dc8,1,16
af87aaa99,1,16
a4e041fb4,1,16
a4915c658,1,16
a66cdd3f3,1,16
a129239a9,1,16
acd074969,1,16
ad6f05d92,1,16
abc392696,1,16
a03131fc4,1,16
ab413767b,1,16
a9b6936d5,1,16
a514a1b7c,1,16
a7f07c73a,1,16
a1b1cb250,1,16
a60cc6e6c,1,16
a21990896,1,16
acd2ae1a1,1,16
abf213975,1,16
a94849ba6,1,16
a012f32c7,1,16
a44a46031,1,16
a99e27e5e,1,16
afdc8e398,1,16
a694815e3,1,16
a3878f64a,1,16
aba9e376b,1,16
aa2602cf3,1,16
a9636d51b,1,16
a90dc1e83,1,16
ad1c139db,1,16
a5eeb8637,1,16
a8740422d,1,16
a68fb10ed,1,16
a6da79d7f,1,16
a5315a278,1,16
a49cfdfae,1,16
a6806292d,1,16
acfe02a32,1,16
a9df1f7ec,1,16
a741f8922,1,16
a45c39f85,1,16
a9cb4d7a5,1,16
a996ba194,1,16
a128e2a38,1,16
abdf3f890,1,16
a0a870708,1,16
acce9dc80,1,16
a3218fc2d,1,16
afdb00fc9,1,16
a54e7bd84,1,16
ac5b43815,1,16
a57d1cce1,1,16
a596164f2,1,16
a24573a6a,1,16
a1c1e41a6,1,16
ae813fc65,1,16
a8d68a6f1,1,16
a27f63784,1,16
af2098bc0,1,16
a95f108b3,1,16
af50cad94,1,16
a9f417df0,1,16
afe444f8f,1,16
a3a5c5b76,1,16
a127676a8,1,16
a55e4409e,1,16
aa48719cf,1,16
ac476ef83,1,16
a1d9241ff,1,16
afe9fb2d3,1,16
a3233e20c,1,16
a35fc2fa1,1,16
afcbaa1b2,1,16
a7df51ada,1,16
a10847940,1,16
a3be157ce,1,16
a7ec75a39,1,16
ab8b4ae81,1,16
a4f6c590a,1,16
a42a1716f,1,16
a2f4e4ace,1,16
a21b9f72f,1,16
a69ba3885,1,16
ac9145a4a,1,16
a30b158c2,1,16
a60573253,1,16
a7e146e4b,1,16
ad20f467c,1,16
a1430e207,1,16
a942a34db,1,16
a5b035cd5,1,16
abc356bdb,1,16
a0053d179,1,16
a586f3b04,1,16
a51852198,1,16
a0bfa131f,1,16
a7c47f7ec,1,16
a1d118f16,1,16
ad5bf0b02,1,16
a5ee47103,1,16
a8bdd95b3,1,16
aac1db094,1,16
a616147c0,1,16
aa30d8e44,1,16
a37ea1f2b,1,16
a75ff958e,1,16
ada817f34,1,16
a23aad8ca,1,16
ad4db2711,1,16
ac86665a5,1,16
a6bd10028,1,16
ac5950608,1,16
aca0e0f77,1,16
afcac1f1c,1,16
a19742e40,1,16
a63790701,1,16
ab6a17768,1,16
abedd2ec9,1,16
a010486f0,1,16
aff0a81fc,1,16
a30170171,1,16
a749c9458,1,16
ac5a79109,1,16
ab5833130,1,16
a913170ee,1,16
aafeb3903,1,16
afffb517d,1,16
a1e426a8f,1,16
a123c275b,1,16
a52627ce7,1,16
a5d3bb8be,1,16
ae1de38c0,1,16
a04bd467e,1,16
a14bf61b1,1,16
a3ace2e1d,1,16
aee4f9160,1,16
a4cb8ebd6,1,16
ac9a249fd,1,16
a51e5180c,1,16
aa6a79b54,1,16
ace264395,1,16
a69fb7720,1,16
a191549ba,1,16
a1499ba43,1,16
a013435b9,1,16
a4881ee0a,1,16
a1e2819bf,1,16
ae927c40d,1,16
af34802e6,1,16
a2d6a9944,1,16
a8b35a5ff,1,16
a442403f5,1,16
aa199bd24,1,16
a3f278067,1,16
af05c0dfd,1,16
a8be072c4,1,16
a762a5aba,1,16
ad5e28875,1,16
aed4e33b3,1,16
a9c4a4c5d,1,16
ac203d134,1,16
a61e7c558,1,16
a1e87b0c7,1,16
a6d91c269,1,16
a1b79915d,1,16
a2fe12090,1,16
a2ba00325,1,16
a5d6cfee7,1,16
aab5aeb0c,1,16
a3d9143ee,1,16
aab764384,1,16
af1b1994f,1,16
a5f1a4ab4,1,16
a8b66de56,1,16
a45000007,1,16
ace89e28f,1,16
ab66570cf,1,16
aa26de02d,1,16
a90871766,1,16
acebd0193,1,16
ab9f9634d,1,16
a8ed8ba75,1,16
af850c27f,1,16
a16e18129,1,16
ab874c88f,1,16
a449ba3a6,1,16
a502220d5,1,16
a5cf89765,1,16
ab3ed89ad,1,16
ade395022,1,16
a5420b01a,1,16
a8c93cb6e,1,16
a3aa69c4f,1,16
ae31c39c8,1,16
a75923032,1,16
a99ef62a9,1,16
ab2dad34b,1,16
a08fa6b84,1,16
a2dc279ce,1,16
a50e4d52c,1,16
a5d627df3,1,16
a62b04ddc,1,16
ac87cd74c,1,16
a91077cfc,1,16
acb445e50,1,16
aee74a194,1,16
a2f459050,1,16
af7ca343a,1,16
afaf5103b,1,16
a9f41ac80,1,16
ab65d7674,1,16
ae39a0cef,1,16
a7f21ae0b,1,16
ae1d0224d,1,16
a09a4b2df,1,16
aa33d4a3c,1,16
a4406cd6d,1,16
a3e6871e7,1,16
a34ea5369,1,16
ad58f427e,1,16
aa03ce5ba,1,16
a48e10aa6,1,16
a70bed285,1,16
ac89c0dba,1,16
a99810d44,1,16
a79036d3b,1,16
a7261d1a3,1,16
a8a91fa7e,1,16
aed4ab304,1,16
ab8c1a433,1,16
a5fd08db6,1,16
a0ee87b29,1,16
ae9140287,1,16
a89926a55,1,16
a8972264a,1,16
a0808918c,1,16
ac062dd6b,1,16
a4a70f6d6,1,16
a04c00635,1,16
a9bc71a1f,1,16
a73927445,1,16
a310caacd,1,16
aeacf5bcf,1,16
a21c552cc,1,16
a398947d4,1,16
ae64a433b,1,16
a6b5dbaa2,1,16
a673d46e6,1,16
a52a4c07f,1,16
a3eed182b,1,16
a5c388d7d,1,16
a4dc40c76,1,16
a54eac427,1,16
ab3975f99,1,16
adf5e123c,1,16
aca2d7790,1,16
ac4b3bf1f,1,16
aff735dbd,1,16
adeccfb4d,1,16
a6148e3e5,1,16
a122970c5,1,16
a041783c6,1,16
a551fd02f,1,16
a0e2d4931,1,16
a4a102650,1,16
abfc52b91,1,16
a19f6cc65,1,16
a3a328e6b,1,16
ac46ada82,1,16
a1b97aa31,1,16
acd0c97e1,1,16
a865175fb,1,16
ae65782da,1,16
a56b6d139,1,16
a5198f56b,1,16
a71a9ed2d,1,16
ac40bc4e7,1,16
a4a19a136,1,16
a29dc3617,1,16
a22372401,1,16
ab7717216,1,16
aa1367614,1,16
a38905d8d,1,16
aadaa79ae,1,16
ab5bed592,1,16
a50df1650,1,16
a438e4abc,1,16
a1b30603c,1,16
a00b2d8f5,1,16
abf706de8,1,16
a21a657c1,1,16
adffe5367,1,16
a0ec6af79,1,16
a238b3971,1,16
afa526bcb,1,16
a4c2ea95d,1,16
a5d76c9e0,1,16
af8409189,1,16
ac2aadaea,1,16
a0446fd6e,1,16
a563afd5c,1,16
ada369409,1,16
a1d7401d0,1,16
abe565c59,1,16
ac9c93389,1,16
aaec20d69,1,16
a1d0ec0fd,1,16
a63d26bae,1,16
a2b5f7ca9,1,16
a119a1081,1,16
a3186dc0c,1,16
abc324a76,1,16
aa0acaea7,1,16
a78374491,1,16
ac1f045db,1,16
ad56a605d,1,16
a5a7c545d,1,16
a67f1b8aa,1,16
a01b0c5b5,1,16
a6a851b93,1,16
a73c5477a,1,16
a020c2506,1,16
ab0746ad7,1,16
a2b8a4bc3,1,16
ac0059719,1,16
afd421592,1,16
a622e0ea6,1,16
ab26f21ee,1,16
a23dba49e,1,16
afde1e049,1,16
a84e6a263,1,16
a91b052ac,1,16
a1a8e1146,1,16
a7be3833c,1,16
a4443a0e5,1,16
a7182cfba,1,16
aa7204ca0,1,16
ae6dc1cbd,1,16
a6152cdea,1,16
a0a48262d,1,16
abbd8238e,1,16
a551ce2df,1,16
a655d01d5,1,16
a8c0b38ba,1,16
a4705dddd,1,16
a5404c22d,1,16
ac5ac3cc9,1,16
af27357e4,1,16
a42040d34,1,16
af1c9dbac,1,16
adba8f892,1,16
a04b9cb3a,1,16
aaa01b3e6,1,16
ad174b1b0,1,16
a83ed4559,1,16
a3991c4b1,1,16
ad524d7df,1,16
a1549cea9,1,16
a3c722cdc,1,16
ae731c93a,1,16
a76073ab7,1,16
ac080b940,1,16
ac2e5829b,1,16
aeed59b99,1,16
a283c558e,1,16
a83372744,1,16
ab6f747e1,1,16
a707ac3ac,1,16
a6889de50,1,16
a0e127b9b,1,16
acea71f9c,1,16
a167c27b6,1,16
a9e2b8e58,1,16
aa00ab9ea,1,16
a19d6555b,1,16
ae5e75f4e,1,16
a0291e284,1,16
a69a47a1c,1,16
a1ce10a30,1,16
a598bdcdf,1,16
a5c617d97,1,16
a4aa5966f,1,16
a603d4e5f,1,16
adfff8a4b,1,16
a0f12e914,1,16
ac7f757d1,1,16
a2c5618a4,1,16
aaf756ba8,1,16
aada50177,1,16
ad7e8197f,1,16
a8ce9b338,1,16
afd3887c6,1,16
a89f2b983,1,16
a2d6a151e,1,16
a741c1b3c,1,16
a03aefd16,1,16
a46641ef8,1,16
a9466e0b7,1,16
a0be7d601,1,16
a2bdafebd,1,16
a6155b347,1,16
ac5b44513,1,16
a715873c5,1,16
a8d7e5617,1,16
a91862b32,1,16
a2cd8c12b,1,16
a51d115ae,1,16
abd1940af,1,16
a76a1dc33,1,16
a74edc901,1,16
a6a970fd2,1,16
a5e6c0fd4,1,16
a0dc3bc06,1,16
a98e99de8,1,16
aa6938f34,1,16
ac9ffea32,1,16
a9d89f34d,1,16
ac846b6b0,1,16
aa53bbd79,1,16
a0a1381e7,1,16
a5bfc8362,1,16
a38ec1bb2,1,16
a942f80ea,1,16
a28c534da,1,16
a962b4729,1,16
af6abe324,1,16
a5f2ff9a9,1,16
a74053582,1,16
a82a1bdeb,1,16
a718b6308,1,16
ad1fa525d,1,16
ade50a5fa,1,16
a327fb54a,1,16
abb8955ac,1,16
a8fc25d11,1,16
a2ec58bdb,1,16
ac593e4f8,1,16
a2140a94e,1,16
ac832c289,1,16
acc10c0cc,1,16
a50395722,1,16
a4ccbd576,1,16
abaf8830e,1,16
ac51342d3,1,16
a8c841e1d,1,16
a6ab02efb,1,16
a43a9aac2,1,16
a25136d3b,1,16
a14efa75c,1,16
a056a97f7,1,16
aaad70695,1,16
a6d622510,1,16
a8801bd28,1,16
adcff86d1,1,16
a14766a14,1,16
a4ad9af89,1,16
a55be194b,1,16
a6d3db2d9,1,16
a5c88b5d9,1,16
a128b1527,1,16
a60691569,1,16
ab01271b8,1,16
ada38b763,1,16
a2f83536a,1,16
a2ddbb9ba,1,16
a3a1b6b48,1,16
a1d4a73b4,1,16
a18ab1fd7,1,16
a262e9735,1,16
aa2eedc2a,1,16
a9b02bf28,1,16
af7195af1,1,16
a6a6cf52b,1,16
a8ee4bd4d,1,16
a5dab0c9a,1,16
a9dfa9ad5,1,16
a04406ea4,1,16
a04496f0d,1,16
a97b87efa,1,16
ad39ade3b,1,16
a1f8cd5fa,1,16
acecf4fc8,1,16
aad9ce98a,1,16
a83c496db,1,16
a2443b452,1,16
ab92958cd,1,16
ac82e304d,1,16
a5a70251e,1,16
a898007d1,1,16
a6f9e0ed4,1,16
a0d0d948c,1,16
a10d14885,1,16
a20bee74c,1,16
abb8437f6,1,16
a4d16db36,1,16
a77f87a31,1,16
a2295f29f,1,16
a21dc0623,1,16
a059c0c54,1,16
a414f2703,1,16
a10466468,1,16
acfd1f1a1,1,16
a432e862f,1,16
acc09fda5,1,16
ada473d06,1,16
a65b954cc,1,16
a2b8e779f,1,16
a6a9bcd3e,1,16
a48f370a7,1,16
a9afd4dfe,1,16
aa21630bd,1,16
a840d0e7f,1,16
a02151c35,1,16
adfc4a087,1,16
a0f533e36,1,16
a4cc70f30,1,16
ad533155e,1,16
aec5f584c,1,16
a03080b19,1,16
a2fbb6ee3,1,16
aae7e66e3,1,16
a3d419c09,1,16
a18591d40,1,16
a7391823b,1,16
a1b1c5e32,1,16
a66b3cdcb,1,16
a87b0d5ae,1,16
ae97d7a1e,1,16
a836d0849,1,16
a13c4e3d2,1,16
a9d9dc4c2,1,16
a0660a119,1,16
a4f4a0a0e,1,16
a53b88e74,1,16
ad018b531,1,16
a546dfeae,1,16
ab97a0ef4,1,16
af562c8ae,1,16
a5b3c7c2d,1,16
adeb4434f,1,16
acd8001bc,1,16
a6c36ba11,1,16
a994a0235,1,16
a298011fd,1,16
a7e31b43d,1,16
abb5fd049,1,16
a3abdaafe,1,16
ab859e372,1,16
aaba3d1d6,1,16
a42812ec9,1,16
a4c11fb25,1,16
a2ff9ef8d,1,16
af87ac165,1,16
a2e34d2e6,1,16
a1562ea4c,1,16
a76b431d6,1,16
a65944076,1,16
ac2d191ab,1,16
a21432fee,1,16
aa559bb4c,1,16
af8ee68f1,1,16
a8eec6854,1,16
a193b12dc,1,16
ad6dc8646,1,16
a947ac23e,1,16
a65f6d5e0,1,16
ac03e1f33,1,16
a93e59113,1,16
aea8f0947,1,16
a4e19adf4,1,16
a7a41383c,1,16
a132b6343,1,16
a31ca85a3,1,16
ad265cc74,1,16
a5a885943,1,16
aa595c70c,1,16
aefc48ed8,1,16
aa15d6fbd,1,16
aa5ef8552,1,16
a3227c17e,1,16
a36773ef3,1,16
afdf12b2a,1,16
af2c4e718,1,16
a03070a89,1,16
ada50f88f,1,16
ab96063d2,1,16
aa7c19555,1,16
a73779418,1,16
a952a72c2,1,16
a58c06db2,1,16
a3f8c5378,1,16
a7cae3dd9,1,16
a0bc20c88,1,16
abb2db4ac,1,16
a39907605,1,16
a8d4e7f6b,1,16
a567fc55e,1,16
acd122611,1,16
a5097b564,1,16
a02fe4227,1,16
a081fdd0b,1,16
a0cb4b259,1,16
ace766dec,1,16
a30cea8e4,1,16
ae2ff8ab4,1,16
a1d856b3f,1,16
a5cd4d7ad,1,16
a59c9cb1a,1,16
acc15e915,1,16
a1a7a92f5,1,16
a1dadf612,1,16
a3dcd9de1,1,16
ab55ba986,1,16
a5b41d311,1,16
ad45b118a,1,16
ac8e580c4,1,16
a5293a536,1,16
a03d4ed70,1,16
a18b06bf1,1,16
a0f8ec54d,1,16
acaabc104,1,16
a5c8d1934,1,16
afd5f0873,1,16
af6c42c31,1,16
a153e7d7f,1,16
aad0a8246,1,16
a7ac4cef1,1,16
a6008c549,1,16
aad51782d,1,16
a035d10d2,1,16
a7bdce640,1,16
aa30b7c36,1,16
a1771e3eb,1,16
a0974573f,1,16
a87d5359a,1,16
a6933dab0,1,16
ae4bbd229,1,16
aeeb427ff,1,16
aa73a0ef3,1,16
a3d30de6f,1,16
a4461e7d1,1,16
a23579b18,1,16
aa042a2d3,1,16
a8665c917,1,16
a8daef67d,1,16
ae59d2733,1,16
a5a88d775,1,16
a3e5cf1e7,1,16
a1cd37800,1,16
a23c29b2c,1,16
a2a11ae3f,1,16
a9a9682f2,1,16
a88c3c166,1,16
a09288751,1,16
a9d9b9e34,1,16
ad3167123,1,16
a5a1a7d84,1,16
a582e53ed,1,16
a00894f05,1,16
a3ae77bbb,1,16
a3aff963a,1,16
a8365e120,1,16
a7856fc0e,1,16
af92994f5,1,16
a8f1a0c70,1,16
ab3ec7833,1,16
a5acb88ea,1,16
a96cbf463,1,16
a9088aec8,1,16
a0322321d,1,16
aef34f866,1,16
ac08687cc,1,16
a2881369f,1,16
a0eae358b,1,16
a3e7ce573,1,16
a65cf9ada,1,16
a6fbaffe5,1,16
a3b2cdb1c,1,16
afacef111,1,16
ab8f3d9d0,1,16
aa61dd76d,1,16
a35c73ae5,1,16
a679d61fa,1,16
a11af29de,1,16
aa220d3ee,1,16
ab5e726f9,1,16
ae3d7ac46,1,16
adb1e5a27,1,16
af7e2928a,1,16
a01f4ce54,1,16
a28ecdf7b,1,16
a6312976e,1,16
ac1ce3d20,1,16
ae25a09bd,1,16
a6aced404,1,16
ad724b78f,1,16
ad625127f,1,16
a21136251,1,16
aa2611cc2,1,16
ac595d4a7,1,16
a62f53d25,1,16
a806f45d6,1,16
a1f03640c,1,16
a493cd811,1,16
a5cea8766,1,16
a20792a9a,1,16
aa9a438ea,1,16
a564841e9,1,16
a1f0fc4ef,1,16
a9266a84d,1,16
afa3258ce,1,16
ac98d4058,1,16
a4be27160,1,16
aee8d25f7,1,16
accc15b3e,1,16
aab664df4,1,16
a341cdef6,1,16
a06c424e1,1,16
acc7bcd6a,1,16
a13090ca6,1,16
a44d2fc6f,1,16
abcc5c2eb,1,16
a9c6eb405,1,16
ab1ce85a1,1,16
a6c388bdb,1,16
aac9640a6,1,16
a62d6b9ef,1,16
adaaab9f4,1,16
a33fafc7c,1,16
a7a9ccc4f,1,16
a79e5509b,1,16
ab1dc359e,1,16
a4f15f943,1,16
ad7ce7577,1,16
a234e715d,1,16
a40de7756,1,16
af0af3f05,1,16
a29ce0cf8,1,16
a87878f9f,1,16
a8c051526,1,16
a3a170d0b,1,16
aeb07054b,1,16
a8d77fa88,1,16
a055ae01a,1,16
a46008ccc,1,16
a7014457c,1,16
a7185c8b4,1,16
a6efbd1fe,1,16
a7e1baf02,1,16
a634e3664,1,16
abfb3b706,1,16
a5ede54d3,1,16
ac39e2cb9,1,16
afc1ac6bc,1,16
a52e7eba2,1,16
a363190da,1,16
a5284ba6b,1,16
a9a377930,1,16
a7389edc5,1,16
a3c757397,1,16
a60876adc,1,16
af8125a94,1,16
a590b9b41,1,16
a641a395e,1,16
aac46511e,1,16
aea70a980,1,16
ae01f9fbf,1,16
ab553056b,1,16
aeb0183bf,1,16
aa413de01,1,16
a6dc1f330,1,16
afda352bf,1,16
a5239bbab,1,16
a42d337c2,1,16
a155e0ca9,1,16
ae658ccf8,1,16
a3f6ad571,1,16
a181df236,1,16
a556ceb65,1,16
a9a914fde,1,16
ab0ecd3f9,1,16
a675196cd,1,16
a25b3f5f3,1,16
aa8117582,1,16
a1e7679b7,1,16
abe2d855e,1,16
a53db6177,1,16
a7ffea14c,1,16
a692e9a62,1,16
a00dda93c,1,16
af9d14091,1,16
a90b784c0,1,16
a4607c41c,1,16
a96ca1135,1,16
a08986730,1,16
abf1494b6,1,16
af0abc9f1,1,16
a53c1799c,1,16
a6d635693,1,16
abf6fd3c7,1,16
a5c3b0731,1,16
a729cdfde,1,16
a3b2ca721,1,16
a93d3b763,1,16
a65e47d98,1,16
a4a9d4231,1,16
a90c45aca,1,16
acbfbdc84,1,16
ac0e4c32b,1,16
a612bd5a1,1,16
a44d0c3ed,1,16
a8ce7b87e,1,16
a381d3fe3,1,16
a373284a1,1,16
a22b93d71,1,16
a6b2b670f,1,16
a7f045f97,1,16
aedd10d94,1,16
a7b38a23e,1,16
a471db6b1,1,16
aba7eccd7,1,16
a37946a40,1,16
a3feb23e5,1,16
afe8018f9,1,16
addd0ae97,1,16
aa728eeb2,1,16
a5edd5b6d,1,16
a6cffcac0,1,16
a97bb5cea,1,16
a1fda6f73,1,16
a82a052c8,1,16
a39be1611,1,16
ada0a56c7,1,16
a72b1a295,1,16
a85959034,1,16
a8045903d,1,16
a573e4ce8,1,16
a77b5353a,1,16
a58a102dc,1,16
af733d44a,1,16
a8acda5df,1,16
ad5a6a20a,1,16
a168fc19f,1,16
ae5319152,1,16
a59597150,1,16
a74b9376c,1,16
a320f4d78,1,16
a52912332,1,16
a646032e0,1,16
ad1639356,1,16
aa85cb2b3,1,16
a329d3641,1,16
a9942ae84,1,16
a33d0cda3,1,16
a7fc8da82,1,16
ad68422a3,1,16
a3ab322a6,1,16
a963863db,1,16
a10b9b757,1,16
a79542fb1,1,16
a133e6fa9,1,16
aea858db5,1,16
a94b25e6f,1,16
a1969e519,1,16
a8523477a,1,16
afdfff39b,1,16
ac9c575c1,1,16
abadf27c7,1,16
a5c322c23,1,16
ad4868dae,1,16
a2df54efc,1,16
afb58bace,1,16
ab20644fa,1,16
ab8a04182,1,16
a652a2b45,1,16
aad1e290b,1,16
a2b618428,1,16
abccfa696,1,16
aff601b1b,1,16
a07dfb420,1,16
a13bfe224,1,16
a562b18e0,1,16
a3ced0c95,1,16
a4034acd6,1,16
ab4d4ecac,1,16
a9757b342,1,16
adb65daca,1,16
ab081f867,1,16
a70377eed,1,16
af8be8abe,1,16
a03729ba1,1,16
a980649ae,1,16
af357f88e,1,16
ae208ef89,1,16
af1501b8c,1,16
ab5ab8b9f,1,16
aa66989da,1,16
ab28849cb,1,16
a5b9c6906,1,16
a742c9319,1,16
a32860b77,1,16
ac065bb96,1,16
aa076c07c,1,16
a918ec5da,1,16
a647c8159,1,16
a8be52bf9,1,16
a9443f297,1,16
a6aa7dc41,1,16
aa68020ab,1,16
abf544195,1,16
a5319bec6,1,16
ad636ba1f,1,16
a1229a8b6,1,16
a409f7add,1,16
a8b47b762,1,16
a93a6c392,1,16
a283b87c5,1,16
a3360228d,1,16
a0af66565,1,16
a9580b594,1,16
afaf1a657,1,16
af14cab84,1,16
a8e15adb5,1,16
a3a6b58e4,1,16
a00944c35,1,16
a5e949fa2,1,16
a3a87d784,1,16
a97a849bd,1,16
ae285554a,1,16
afb63f6ed,1,16
a48802660,1,16
a2e27bf2b,1,16
aa0210a76,1,16
a137fe7cd,1,16
a8e8a4cea,1,16
ab985dc3c,1,16
a48eb11bd,1,16
a3885d40f,1,16
a9bc9af7d,1,16
afb15f34c,1,16
ab654bdec,1,16
adca62a83,1,16
a5662f9b8,1,16
ad125d063,1,16
aca7050ac,1,16
ab4abd270,1,16
a9c5922c7,1,16
a82c9a85c,1,16
ab2d666ca,1,16
afc8ce092,1,16
a67b522bb,1,16
a90d0e293,1,16
a9c058075,1,16
acb767412,1,16
a305a55d6,1,16
abc666849,1,16
a3d0c723f,1,16
a05fce98f,1,16
a438f0ed5,1,16
a1a64aeba,1,16
ae45275b5,1,16
ae8be74c0,1,16
a5d26e1cf,1,16
a3ac76644,1,16
a132aa82c,1,16
acdb5a186,1,16
a43dae48c,1,16
a46221400,1,16
ae06ec9db,1,16
ac3781171,1,16
ac28a7d71,1,16
ab444caa9,1,16
a35497487,1,16
a33624eac,1,16
acbe24f3e,1,16
a6830191c,1,16
ab3463f58,1,16
a9b0bd06e,1,16
a06ebd2e5,1,16
a6e1853b6,1,16
a2041b499,1,16
afe39410b,1,16
ae1631964,1,16
a4790ed08,1,16
a3650114d,1,16
a1f7a933b,1,16
a54ac5aa6,1,16
a241b228b,1,16
a68b1152b,1,16
ae51696c3,1,16
ad70acdf2,1,16
ad1f6664d,1,16
ac3b05ff8,1,16
ac0e8d3aa,1,16
a9a607771,1,16
a17035c0a,1,16
a57662e21,1,16
a75f3b7bb,1,16
ac51115c5,1,16
a534d91a1,1,16
a11e72363,1,16
a8c6dd902,1,16
a006e96b1,1,16
a0c9a4492,1,16
a19f0c78b,1,16
a3d80c644,1,16
a40b943d6,1,16
aee9bb4b7,1,16
a4f9d4a0a,1,16
a98e9cc39,1,16
acdff45a4,1,16
a5caeacb9,1,16
ace853530,1,16
a3e8e5096,1,16
a1d376296,1,16
a6eba48fa,1,16
aaaa36dea,1,16
a84892824,1,16
ae5b2c92b,1,16
a706cca4a,1,16
acf4a2920,1,16
a3e8235a6,1,16
a9ef1434b,1,16
a780a0cfc,1,16
ab3788045,1,16
ac0ae0287,1,16
afdfaea5a,1,16
a5204b757,1,16
a8b531d82,1,16
ab07cc3a1,1,16
af72a9c7e,1,16
a37bc1ab7,1,16
ac6feebb7,1,16
a37751e72,1,16
aa02ab6cf,1,16
a2ed46c1a,1,16
ae2fc87ca,1,16
a5de89981,1,16
a284dc84c,1,16
aecf45a82,1,16
a6e2b6b51,1,16
a5e22d010,1,16
aeaca4959,1,16
a249f2b51,1,16
af4f9026d,1,16
ac0730e9d,1,16
ae609ba50,1,16
a8e4cad3b,1,16
a23637bdf,1,16
a79a90e6c,1,16
ad3ad7ca3,1,16
a9b2c401e,1,16
aeca18421,1,16
ad111f0c8,1,16
aafcec3d2,1,16
a8892b031,1,16
a4d21f5b5,1,16
a75c02983,1,16
a45d770bf,1,16
a69bd763d,1,16
a2b69500d,1,16
a4d94373a,1,16
a535bfe26,1,16
a34f0856d,1,16
a5dfd85c6,1,16
a92d68f33,1,16
abb70c0cd,1,16
aceac0433,1,16
a9ed33807,1,16
a5d83df8e,1,16
a43dcb128,1,16
a7096fe07,1,16
a3cd24aca,1,16
a2a7b7e05,1,16
a882edf50,1,16
adeaa439d,1,16
ae59e90e8,1,16
aaaeb809f,1,16
a86cfe539,1,16
a4288ab05,1,16
aa3c94254,1,16
a2f206e18,1,16
a8f8bc193,1,16
a54524844,1,16
a992038c7,1,16
ad24d9964,1,16
a6e2bfe0e,1,16
a1834f606,1,16
ae787d15e,1,16
a91a67a39,1,16
a45a219e3,1,16
a695a8e53,1,16
ab198a20e,1,16
a1748c955,1,16
ad0ec4c41,1,16
afdac5e34,1,16
a27d825d4,1,16
a042ce3eb,1,16
a54e9e8d2,1,16
a406db728,1,16
a657ff649,1,16
ae35c8dd0,1,16
af37bb8dc,1,16
a01042c49,1,16
a2d5e597f,1,16
a9c919053,1,16
a51816f15,1,16
a83fee77f,1,16
ab44ca139,1,16
aaf13f53b,1,16
ac9aaa4c1,1,16
ace51db29,1,16
a3bd3c137,1,16
a41e5e1a0,1,16
a8cbf7fc6,1,16
ae801d7c5,1,16
aecf4e796,1,16
a58906c32,1,16
a25604775,1,16
ad5c0e3ec,1,16
ac8276178,1,16
a5216aed6,1,16
a42ead9cf,1,16
a766e3cc9,1,16
a1f8a12f1,1,16
a8697857a,1,16
a0dbd316a,1,16
af92ffabf,1,16
a9d6ae744,1,16
abaf96765,1,16
a580f5b6c,1,16
a40342c72,1,16
a5221411c,1,16
a319728f8,1,16
a4351017c,1,16
a3d36181e,1,16
aa79bf42d,1,16
a80e9769f,1,16
a8b2188de,1,16
a5f992f49,1,16
a0996faef,1,16
a12066b50,1,16
a39dde765,1,16
a7cd7c231,1,16
aacecb2eb,1,16
aab40b427,1,16
a1c725067,1,16
adcbbac4d,1,16
adf538d1b,1,16
a63ddebda,1,16
a4753205d,1,16
ad9365318,1,16
a5c80c02f,1,16
ad4414b4f,1,16
afece1b76,1,16
aa615c760,1,16
a0bd7ac27,1,16
adde53c13,1,16
aa9ec4746,1,16
afa125b8a,1,16
a3fe35db4,1,16
a662de31a,1,16
a5efd74cc,1,16
a768baaaf,1,16
a92536126,1,16
a971d9955,1,16
aef3b589c,1,16
a117f12fd,1,16
acf4fe756,1,16
a19345d8d,1,16
ae870da3a,1,16
a2b22b97d,1,16
a6832406b,1,16
ad83b7349,1,16
a8495a44d,1,16
a336582dd,1,16
abbda730e,1,16
a15a85c4a,1,16
a49005173,1,16
afd8619d4,1,16
a5154e49c,1,16
ac0a84826,1,16
a35e18e52,1,16
aa08e0918,1,16
a17c4628e,1,16
a83832d6c,1,16
aa1d5fe31,1,16
ad43969ac,1,16
a2870f849,1,16
aa8d7fe02,1,16
a30eaf88d,1,16
a03ce1872,1,16
a5cbe7c08,1,16
a838857c1,1,16
a6686877b,1,16
a410b1643,1,16
afb8de05d,1,16
a30ec86a4,1,16
abdafc1ae,1,16
a01fb59df,1,16
a4a6242b7,1,16
acd15214f,1,16
a22ce8c70,1,16
aa6fcbe6c,1,16
a02ccabae,1,16
a2f339f66,1,16
a0feb95a0,1,16
aafc39898,1,16
aa299b215,1,16
ada6b2914,1,16
a620cf2c8,1,16
a0289dac9,1,16
ad964cca3,1,16
a7e092fef,1,16
a4e0659d9,1,16
aac2fb85e,1,16
a43ff37a3,1,16
a7176b97a,1,16
a35972e65,1,16
ab971de26,1,16
a0450066f,1,16
a6a174652,1,16
ab885e3f5,1,16
a372092b7,1,16
ae945cbef,1,16
a0b8e645c,1,16
a31c7b5d0,1,16
afc077bce,1,16
ae81188ad,1,16
aec8df864,1,16
a03dfbec1,1,16
a1c5b7488,1,16
a69d3dcf1,1,16
adeab52e0,1,16
ac24e9452,1,16
a2dbda7da,1,16
abbd1b89b,1,16
acf5e078d,1,16
addc1ba93,1,16
a4d5f778a,1,16
a5303f31a,1,16
ae25a14e1,1,16
a9f2b5f19,1,16
aaad271da,1,16
a76713f46,1,16
a83fccb2b,1,16
a16144773,1,16
a3aba7d38,1,16
aeb6a1aac,1,16
a2f776be2,1,16
a62de9507,1,16
a50c0de4f,1,16
ac0f53cbd,1,16
a6ad376b2,1,16
a60340b43,1,16
a59cf838b,1,16
ab92b273a,1,16
ae0a3d9fd,1,16
ae5dc4027,1,16
a407bdd72,1,16
aeef50e03,1,16
a13295c69,1,16
a280896a3,1,16
a0afdfcd2,1,16
aadde8ffe,1,16
a2177b5fe,1,16
a95f43fdf,1,16
a6768ae5a,1,16
a68f6b7fc,1,16
a38a97242,1,16
afbdbb934,1,16
aae4dd2f0,1,16
a57deb3d6,1,16
ac7fd3ce7,1,16
a7ac0b040,1,16
ad77d3e55,1,16
a04639375,1,16
a0c9178bc,1,16
a56140328,1,16
a8d3cbc30,1,16
a03a0e79a,1,16
a3d38f91c,1,16
a05188e12,1,16
acbf9e19b,1,16
acaee41ec,1,16
a46cd6012,1,16
aa17fa77d,1,16
a0f129cc7,1,16
a3d6fc447,1,16
ad8269a16,1,16
a341c852a,1,16
ae9652e9e,1,16
a8a28e8f1,1,16
a9a20a4a1,1,16
ae4068c47,1,16
a5d00bd7b,1,16
a58c4c655,1,16
aec42da6e,1,16
ae4c9a098,1,16
a2d11f522,1,16
a369336ec,1,16
a723b11e2,1,16
afad60e26,1,16
aa7095b22,1,16
ac8a829d0,1,16
a220f0933,1,16
a84d9beca,1,16
a1935da09,1,16
ac4006678,1,16
a45de57ef,1,16
a7d850c8c,1,16
a8f879e68,1,16
a62997dc8,1,16
a53de8886,1,16
abd543257,1,16
a4b12046f,1,16
a931ddba5,1,16
aded777cf,1,16
a03740025,1,16
a2e9006b3,1,16
a97a91b67,1,16
a40ce1202,1,16
aa29b6dc6,1,16
ae80005b8,1,16
acbb0302d,1,16
ab7070f11,1,16
ac098c5c9,1,16
a116276c6,1,16
a93af0525,1,16
a3b639748,1,16
a9003a164,1,16
a98f26f28,1,16
a6a60d61d,1,16
ab6f903b4,1,16
acb705e4a,1,16
a2e699323,1,16
a367f29f4,1,16
a26c6f02d,1,16
a2400d666,1,16
ade67b522,1,16
af184ebcf,1,16
a1f8e2eac,1,16
a2253ac2c,1,16
a3b25ba58,1,16
a50515774,1,16
af1a238c9,1,16
ad440019f,1,16
a12f8cbde,1,16
ae5efe0df,1,16
acc3210d7,1,16
a7b9ed161,1,16
a10e2b726,1,16
a1f635de4,1,16
a8dda9f01,1,16
af6c1ef78,1,16
a23bc03bd,1,16
a88a95797,1,16
a1982f89a,1,16
a103605f2,1,16
a08f6e59c,1,16
a863edeac,1,16
aeed2df97,1,16
a94716d37,1,16
ae334f4d5,1,16
a1707ab9c,1,16
a689a7e1f,1,16
aaf1dbe7e,1,16
a6697e293,1,16
a7d0c6bf5,1,16
ad9c4d34a,1,16
a6c6e573d,1,16
a5793eaf2,1,16
a29c66e13,1,16
af000800e,1,16
aea7cea28,1,16
abc561536,1,16
ab62f4218,1,16
a9ae12473,1,16
a7dbbb057,1,16
a074dd37d,1,16
a21db7858,1,16
a62293197,1,16
ab92e73ff,1,16
ad97c931f,1,16
a641f9df4,1,16
aea87ab90,1,16
a6ebfb334,1,16
a8829755d,1,16
a3558964b,1,16
afab8adf9,1,16
ae60f4168,1,16
afc5b262b,1,16
ac9fe121f,1,16
abc0757d9,1,16
a4457e2e3,1,16
a1bfa7c15,1,16
a697ab19f,1,16
a845e6cd9,1,16
a2208f125,1,16
a0126be29,1,16
aca61c837,1,16
a1cb84573,1,16
a3465dc9c,1,16
a6b574b69,1,16
ab49ed220,1,16
ac278935a,1,16
a00ab58e0,1,16
a5a0a0ada,1,16
a07b0f6c9,1,16
afcb5340f,1,16
abc82994f,1,16
a624b4bad,1,16
aa8df4388,1,16
a6823fa0e,1,16
af1dce112,1,16
a74087512,1,16
a448fd707,1,16
a2500a231,1,16
a5fb0fbe9,1,16
adf1b6d19,1,16
a25fe3a7d,1,16
a355ecc9a,1,16
a811f4b64,1,16
a4a084693,1,16
a3319419d,1,16
af970fbaf,1,16
aa5f69e09,1,16
a4706867d,1,16
a3ad087e5,1,16
a52266397,1,16
a1f6c6d2a,1,16
a5070d48d,1,16
aff94e866,1,16
ae9457a95,1,16
a9dabe938,1,16
adf311ff1,1,16
a0f0d7f9a,1,16
a21cb4381,1,16
a2cd54b6a,1,16
a8d77ec2d,1,16
a8bd27874,1,16
a642e2594,1,16
a7047bd46,1,16
ad3ea1f8f,1,16
a2f81eacc,1,16
a9650bdf6,1,16
a9c51473a,1,16
af87f08bf,1,16
ad460c2e9,1,16
ad4a96f94,1,16
a083403c7,1,16
a01f82579,1,16
ab84de8c2,1,16
ab4cd2426,1,16
a38420900,1,16
a8d85135f,1,16
a0c8c7f8d,1,16
a0c60227f,1,16
a73a40258,1,16
a05bf3871,1,16
a3fa674c6,1,16
a6d5e3460,1,16
a131cd54f,1,16
a7d8e434f,1,16
a0f415f85,1,16
ad67bced2,1,16
a8f9f3b58,1,16
a4ce45d31,1,16
a6cf8c1e0,1,16
acd866ea5,1,16
a01d482d1,1,16
a48e721e5,1,16
a373b8b1f,1,16
aa5ad9cfa,1,16
ac2772dd1,1,16
a39471763,1,16
ab26446e7,1,16
ae62a7dff,1,16
ac178e387,1,16
ae3748c5e,1,16
aaa52324b,1,16
a0fe92481,1,16
a6e782a7a,1,16
a170eeca3,1,16
a15446114,1,16
a7cc2dc69,1,16
a5d16bdc4,1,16
af96baa23,1,16
a9f5bf855,1,16
a59b7f208,1,16
ab0e8f0ce,1,16
a720fbdf2,1,16
af6ff3d8b,1,16
a0d3b9be4,1,16
aee1cdeba,1,16
a37e90a3a,1,16
a2fe45c33,1,16
a969e9d1f,1,16
aa96a36cc,1,16
aa4c21226,1,16
acd09b0b0,1,16
a43a71340,1,16
ae608798c,1,16
a9414b795,1,16
a264f9047,1,16
abb023633,1,16
ac527afab,1,16
ab3626590,1,16
ae05a3c93,1,16
ac5737427,1,16
a9ff41d8e,1,16
a49609d80,1,16
a46872fdd,1,16
ae79ba4fe,1,16
a0db05543,1,16
a6e044993,1,16
a8d0fb48d,1,16
a5c961998,1,16
ae153f88a,1,16
a84cf7f69,1,16
adccec475,1,16
ae9b2c2d0,1,16
adbf79c45,1,16
a88d6ca65,1,16
ab21c4ed6,1,16
af323de8c,1,16
a526a7fc7,1,16
a5703e40a,1,16
aae024b8a,1,16
ae8fdb2ee,1,16
ab7811f3f,1,16
a154db765,1,16
aba4c72b6,1,16
a79612053,1,16
af4a5a769,1,16
a42c0fc62,1,16
ab46aac25,1,16
a4cf8e233,1,16
a2851a613,1,16
aeb8b3e4d,1,16
a41e61b5f,1,16
a70ece7d1,1,16
a46f1687f,1,16
a8d162ebf,1,16
ae34cd325,1,16
a6c2869a2,1,16
a364206a6,1,16
a423f6d83,1,16
a76fc9705,1,16
ada53fb63,1,16
aaa96fbfe,1,16
aabc8d935,1,16
a09e34062,1,16
acbca88f8,1,16
af6dc5530,1,16
a27f8bd87,1,16
acf529fc2,1,16
a66487b27,1,16
a81ad54a4,1,16
a632258a0,1,16
afaba4e90,1,16
a82e64be0,1,16
a7cb10ea6,1,16
a3119ce0d,1,16
a3ea9334a,1,16
ab03f5715,1,16
ad056ef69,1,16
a09e2f9b5,1,16
aef22f462,1,16
a1b7fd764,1,16
af917cb74,1,16
a4d1421e6,1,16
af65b15ff,1,16
a70a728f0,1,16
a6a058747,1,16
a24598a8f,1,16
addd7a32c,1,16
a0fc0fb13,1,16
a8c5fca90,1,16
a21406077,1,16
a68a56ed0,1,16
a2291a201,1,16
ae8f66f2c,1,16
a407e570a,1,16
a47425826,1,16
a82aad41b,1,16
a816226ed,1,16
a50115dd3,1,16
a949bdc40,1,16
a6a8723ee,1,16
a8b00ca28,1,16
a6fd16bb0,1,16
afd1c51b9,1,16
a0bab8cfd,1,16
af14d5e7c,1,16
a42e35d9b,1,16
a0604dcb9,1,16
a750ba5a8,1,16
afc2532ad,1,16
a084f9769,1,16
abf79f38c,1,16
afb205599,1,16
a1d40995a,1,16
aaef0d1f4,1,16
a0ac4dbca,1,16
a01d43214,1,16
a86d7b225,1,16
a4d92c21e,1,16
aa5748197,1,16
a321297db,1,16
a78845ac1,1,16
a795f41ac,1,16
a52ab5fe1,1,16
a02601e69,1,16
acd587844,1,16
ac057aa6e,1,16
a024f880f,1,16
a6e21d38a,1,16
adb21f493,1,16
ac7cde770,1,16
a47b9dea5,1,16
a3c726a64,1,16
ae08e85a7,1,16
ae8064707,1,16
af70240bb,1,16
a235cc17a,1,16
a0e3cccc1,1,16
a582b038a,1,16
aee3aa037,1,16
af10aab88,1,16
ab30af07a,1,16
a3810b917,1,16
a4a172c08,1,16
a5d91ba0b,1,16
a36e75e21,1,16
a9b253297,1,16
ad2bb3541,1,16
a398bb7b1,1,16
ad5ba595e,1,16
a0bc2a52d,1,16
ab0e9808f,1,16
a666d5f75,1,16
a48632175,1,16
a61576dec,1,16
a53b5260b,1,16
ad06c3d93,1,16
aeaebc11f,1,16
a859ae62d,1,16
aeea128c5,1,16
a6f556010,1,16
aedac82c2,1,16
a942d2116,1,16
a60701c31,1,16
af86cdbe4,1,16
a1510ddff,1,16
a3228197f,1,16
a27295d7a,1,16
a6a687dd8,1,16
a89e0cd98,1,16
aa0d2b41b,1,16
a3567f5d7,1,16
aadca6786,1,16
a0ab4ca77,1,16
ab6f33cee,1,16
a8f29b3dd,1,16
ab30365a9,1,16
a2655f2d1,1,16
aa2221617,1,16
a27cdabed,1,16
a9243808d,1,16
a00a0e479,1,16
a47ec567d,1,16
a6f883586,1,16
a5d283cf5,1,16
ad4ce7626,1,16
a5b785cb1,1,16
ae0c23859,1,16
aa26ced41,1,16
a1ac4731d,1,16
a9a136a2e,1,16
a30a2596a,1,16
a195bf07e,1,16
a0d46b01a,1,16
a83e28231,1,16
afd7de565,1,16
ae14b1ae9,1,16
ae5f7f610,1,16
abd8ee905,1,16
a8729d2c3,1,16
a91c3c0b0,1,16
a2a31b5cd,1,16
a20b36565,1,16
a290239a4,1,16
a7e04ace2,1,16
accc58014,1,16
a329c23b9,1,16
a9f4c6160,1,16
a1539e0b6,1,16
aa3e63e0c,1,16
a770e7823,1,16
a54cbfadc,1,16
aeaa41cf6,1,16
adda64550,1,16
a79036032,1,16
adf43fe12,1,16
a30b7efdb,1,16
adc908205,1,16
a8f66f2ae,1,16
a63ceb926,1,16
a2d71f684,1,16
accff6f81,1,16
ad98a5452,1,16
a53715c34,1,16
adac4affe,1,16
a4bdf0a62,1,16
af39dae0f,1,16
a497d6437,1,16
a901a39e0,1,16
a7f1df11f,1,16
a9105c414,1,16
acbbe9f95,1,16
a4f919aa4,1,16
a0866f5cf,1,16
ac819ad6c,1,16
a9c3a1f89,1,16
ad50e9fbf,1,16
a6f124c6c,1,16
ad27c78af,1,16
a5313909f,1,16
aa9a1ee62,1,16
a3492c47b,1,16
aef000576,1,16
ac1f563f4,1,16
a76ee8ebe,1,16
a4192b604,1,16
a1e3cfd05,1,16
a5649da57,1,16
ab57a1dee,1,16
abb149fc0,1,16
a45e50628,1,16
af5fe007d,1,16
ab5d9dbdf,1,16
ac1727de2,1,16
add7b6cf2,1,16
a2e847ad5,1,16
adeead7f5,1,16
a97fe4167,1,16
a1735d8c0,1,16
ae52260c1,1,16
a2ddf984d,1,16
aa59af774,1,16
aed836106,1,16
a67dc5dab,1,16
a3a42eca0,1,16
a5dc23ee2,1,16
